global_step,episodic_return
974336,1180.00
974336,1180.00
974336,1180.00
974336,1180.00
974336,1180.00
974336,1180.00
974336,1180.00
974336,1180.00
974336,1180.00
974336,1180.00
974336,1180.00
974336,1180.00
974336,1180.00
974336,1180.00
974336,1180.00
974336,1180.00
974336,1180.00
974336,1180.00
974336,1180.00
974336,1180.00
974336,1180.00
974336,1180.00
974336,1180.00
974336,1180.00
974336,1180.00
974336,1180.00
974336,1180.00
974336,1180.00
974336,1180.00
974336,1180.00
974336,1180.00
974336,1180.00
974336,1180.00
974336,1180.00
974336,1180.00
974336,1180.00
974336,1180.00
974336,1180.00
974336,1180.00
974336,1180.00
974336,1180.00
974336,1180.00
974336,1180.00
974336,1180.00
974336,1180.00
974336,1180.00
974336,1180.00
974336,1180.00
974336,1180.00
974336,1180.00
974336,1180.00
974336,1180.00
974336,1180.00
974336,1180.00
974336,1180.00
974336,1180.00
974336,1180.00
974336,1180.00
974336,1180.00
974336,1180.00
974336,1180.00
974336,1180.00
974336,1180.00
974336,1180.00
974336,1180.00
974336,1180.00
974336,1180.00
974336,1180.00
974336,1180.00
974336,1180.00
974336,1180.00
974336,1180.00
974336,1180.00
974336,1180.00
974336,1180.00
974336,1180.00
974336,1180.00
974336,1180.00
974336,1180.00
974336,1180.00
974336,1180.00
974336,1180.00
974336,1180.00
974336,1180.00
974336,1180.00
974336,1180.00
974336,1180.00
974336,1180.00
974336,1180.00
974336,1180.00
974336,1180.00
974336,1180.00
974336,1180.00
974336,1180.00
974336,1180.00
974336,1180.00
974336,1180.00
974336,1180.00
974336,1180.00
974336,1180.00
974336,1180.00
974336,1180.00
974336,1180.00
974336,1180.00
974336,1180.00
974336,1180.00
974336,1180.00
974336,1180.00
974336,1180.00
974336,1180.00
974336,1180.00
974336,1180.00
974336,1180.00
974336,1180.00
974336,1180.00
974336,1180.00
974336,1180.00
974336,1180.00
974336,1180.00
974336,1180.00
974336,1180.00
974336,1180.00
974336,1180.00
974336,1180.00
974336,1180.00
974336,1180.00
974336,1180.00
974336,1180.00
1508224,1660.00
1508224,1660.00
1508224,1660.00
1508224,1660.00
1508224,1660.00
1508224,1660.00
1508224,1660.00
1508224,1660.00
1508224,1660.00
1508224,1660.00
1508224,1660.00
1508224,1660.00
1508224,1660.00
1508224,1660.00
1508224,1660.00
1508224,1660.00
1508224,1660.00
1508224,1660.00
1508224,1660.00
1508224,1660.00
1508224,1660.00
1508224,1660.00
1508224,1660.00
1508224,1660.00
1508224,1660.00
1508224,1660.00
1508224,1660.00
1508224,1660.00
1508224,1660.00
1508224,1660.00
1508224,1660.00
1508224,1660.00
1508224,1660.00
1508224,1660.00
1508224,1660.00
1508224,1660.00
1508224,1660.00
1508224,1660.00
1508224,1660.00
1508224,1660.00
1508224,1660.00
1508224,1660.00
1508224,1660.00
1508224,1660.00
1508224,1660.00
1508224,1660.00
1508224,1660.00
1508224,1660.00
1508224,1660.00
1508224,1660.00
1508224,1660.00
1508224,1660.00
1508224,1660.00
1508224,1660.00
1508224,1660.00
1508224,1660.00
1508224,1660.00
1508224,1660.00
1508224,1660.00
1508224,1660.00
1508224,1660.00
1508224,1660.00
1508224,1660.00
1508224,1660.00
1508224,1660.00
1508224,1660.00
1508224,1660.00
1508224,1660.00
1508224,1660.00
1508224,1660.00
1508224,1660.00
1508224,1660.00
1508224,1660.00
1508224,1660.00
1508224,1660.00
1508224,1660.00
1508224,1660.00
1508224,1660.00
1508224,1660.00
1508224,1660.00
1508224,1660.00
1508224,1660.00
1508224,1660.00
1508224,1660.00
1508224,1660.00
1508224,1660.00
1508224,1660.00
1508224,1660.00
1508224,1660.00
1508224,1660.00
1508224,1660.00
1508224,1660.00
1508224,1660.00
1508224,1660.00
1508224,1660.00
1508224,1660.00
1508224,1660.00
1508224,1660.00
1508224,1660.00
1508224,1660.00
1508224,1660.00
1508224,1660.00
1508224,1660.00
1508224,1660.00
1508224,1660.00
1508224,1660.00
1508224,1660.00
1508224,1660.00
1508224,1660.00
1508224,1660.00
1508224,1660.00
1508224,1660.00
1508224,1660.00
1508224,1660.00
1508224,1660.00
1508224,1660.00
1508224,1660.00
1508224,1660.00
1508224,1660.00
1508224,1660.00
1508224,1660.00
1508224,1660.00
1508224,1660.00
1508224,1660.00
1508224,1660.00
1508224,1660.00
1508224,1660.00
1508224,1660.00
2596992,1800.00
2596992,1800.00
2596992,1800.00
2596992,1800.00
2596992,1800.00
2596992,1800.00
2596992,1800.00
2596992,1800.00
2596992,1800.00
2596992,1800.00
2596992,1800.00
2596992,1800.00
2596992,1800.00
2596992,1800.00
2596992,1800.00
2596992,1800.00
2596992,1800.00
2596992,1800.00
2596992,1800.00
2596992,1800.00
2596992,1800.00
2596992,1800.00
2596992,1800.00
2596992,1800.00
2596992,1800.00
2596992,1800.00
2596992,1800.00
2596992,1800.00
2596992,1800.00
2596992,1800.00
2596992,1800.00
2596992,1800.00
2596992,1800.00
2596992,1800.00
2596992,1800.00
2596992,1800.00
2596992,1800.00
2596992,1800.00
2596992,1800.00
2596992,1800.00
2596992,1800.00
2596992,1800.00
2596992,1800.00
2596992,1800.00
2596992,1800.00
2596992,1800.00
2596992,1800.00
2596992,1800.00
2596992,1800.00
2596992,1800.00
2596992,1800.00
2596992,1800.00
2596992,1800.00
2596992,1800.00
2596992,1800.00
2596992,1800.00
2596992,1800.00
2596992,1800.00
2596992,1800.00
2596992,1800.00
2596992,1800.00
2596992,1800.00
2596992,1800.00
2596992,1800.00
2596992,1800.00
2596992,1800.00
2596992,1800.00
2596992,1800.00
2596992,1800.00
2596992,1800.00
2596992,1800.00
2596992,1800.00
2596992,1800.00
2596992,1800.00
2596992,1800.00
2596992,1800.00
2596992,1800.00
2596992,1800.00
2596992,1800.00
2596992,1800.00
2596992,1800.00
2596992,1800.00
2596992,1800.00
2596992,1800.00
2596992,1800.00
2596992,1800.00
2596992,1800.00
2596992,1800.00
2596992,1800.00
2596992,1800.00
2596992,1800.00
2596992,1800.00
2596992,1800.00
2596992,1800.00
2596992,1800.00
2596992,1800.00
2596992,1800.00
2596992,1800.00
2596992,1800.00
2596992,1800.00
2596992,1800.00
2596992,1800.00
2596992,1800.00
2596992,1800.00
2596992,1800.00
2596992,1800.00
2596992,1800.00
2596992,1800.00
2596992,1800.00
2596992,1800.00
2596992,1800.00
2596992,1800.00
2596992,1800.00
2596992,1800.00
2596992,1800.00
2596992,1800.00
2596992,1800.00
2596992,1800.00
2596992,1800.00
2596992,1800.00
2596992,1800.00
2596992,1800.00
2596992,1800.00
2596992,1800.00
2596992,1800.00
2596992,1800.00
2596992,1800.00
2596992,1800.00
3303552,1900.00
3303552,1900.00
3303552,1900.00
3303552,1900.00
3303552,1900.00
3303552,1900.00
3303552,1900.00
3303552,1900.00
3303552,1900.00
3303552,1900.00
3303552,1900.00
3303552,1900.00
3303552,1900.00
3303552,1900.00
3303552,1900.00
3303552,1900.00
3303552,1900.00
3303552,1900.00
3303552,1900.00
3303552,1900.00
3303552,1900.00
3303552,1900.00
3303552,1900.00
3303552,1900.00
3303552,1900.00
3303552,1900.00
3303552,1900.00
3303552,1900.00
3303552,1900.00
3303552,1900.00
3303552,1900.00
3303552,1900.00
3303552,1900.00
3303552,1900.00
3303552,1900.00
3303552,1900.00
3303552,1900.00
3303552,1900.00
3303552,1900.00
3303552,1900.00
3303552,1900.00
3303552,1900.00
3303552,1900.00
3303552,1900.00
3303552,1900.00
3303552,1900.00
3303552,1900.00
3303552,1900.00
3303552,1900.00
3303552,1900.00
3303552,1900.00
3303552,1900.00
3303552,1900.00
3303552,1900.00
3303552,1900.00
3303552,1900.00
3303552,1900.00
3303552,1900.00
3303552,1900.00
3303552,1900.00
3303552,1900.00
3303552,1900.00
3303552,1900.00
3303552,1900.00
3303552,1900.00
3303552,1900.00
3303552,1900.00
3303552,1900.00
3303552,1900.00
3303552,1900.00
3303552,1900.00
3303552,1900.00
3303552,1900.00
3303552,1900.00
3303552,1900.00
3303552,1900.00
3303552,1900.00
3303552,1900.00
3303552,1900.00
3303552,1900.00
3303552,1900.00
3303552,1900.00
3303552,1900.00
3303552,1900.00
3303552,1900.00
3303552,1900.00
3303552,1900.00
3303552,1900.00
3303552,1900.00
3303552,1900.00
3303552,1900.00
3303552,1900.00
3303552,1900.00
3303552,1900.00
3303552,1900.00
3303552,1900.00
3303552,1900.00
3303552,1900.00
3303552,1900.00
3303552,1900.00
3303552,1900.00
3303552,1900.00
3303552,1900.00
3303552,1900.00
3303552,1900.00
3303552,1900.00
3303552,1900.00
3303552,1900.00
3303552,1900.00
3303552,1900.00
3303552,1900.00
3303552,1900.00
3303552,1900.00
3303552,1900.00
3303552,1900.00
3303552,1900.00
3303552,1900.00
3303552,1900.00
3303552,1900.00
3303552,1900.00
3303552,1900.00
3303552,1900.00
3303552,1900.00
3303552,1900.00
3303552,1900.00
3303552,1900.00
3303552,1900.00
3303552,1900.00
4896384,0.00
4896384,0.00
4896384,0.00
4896384,0.00
4896384,0.00
4896384,0.00
4896384,0.00
4896384,0.00
4896384,0.00
4896384,0.00
4896384,0.00
4896384,0.00
4896384,0.00
4896384,0.00
4896384,0.00
4896384,0.00
4896384,0.00
4896384,0.00
4896384,0.00
4896384,0.00
4896384,0.00
4896384,0.00
4896384,0.00
4896384,0.00
4896384,0.00
4896384,0.00
4896384,0.00
4896384,0.00
4896384,0.00
4896384,0.00
4896384,0.00
4896384,0.00
4896384,0.00
4896384,0.00
4896384,0.00
4896384,0.00
4896384,0.00
4896384,0.00
4896384,0.00
4896384,0.00
4896384,0.00
4896384,0.00
4896384,0.00
4896384,0.00
4896384,0.00
4896384,0.00
4896384,0.00
4896384,0.00
4896384,0.00
4896384,0.00
4896384,0.00
4896384,0.00
4896384,0.00
4896384,0.00
4896384,0.00
4896384,0.00
4896384,0.00
4896384,0.00
4896384,0.00
4896384,0.00
4896384,0.00
4896384,0.00
4896384,0.00
4896384,0.00
4896384,0.00
4896384,0.00
4896384,0.00
4896384,0.00
4896384,0.00
4896384,0.00
4896384,0.00
4896384,0.00
4896384,0.00
4896384,0.00
4896384,0.00
4896384,0.00
4896384,0.00
4896384,0.00
4896384,0.00
4896384,0.00
4896384,0.00
4896384,0.00
4896384,0.00
4896384,0.00
4896384,0.00
4896384,0.00
4896384,0.00
4896384,0.00
4896384,0.00
4896384,0.00
4896384,0.00
4896384,0.00
4896384,0.00
4896384,0.00
4896384,0.00
4896384,0.00
4896384,0.00
4896384,0.00
4896384,0.00
4896384,0.00
4896384,0.00
4896384,0.00
4896384,0.00
4896384,0.00
4896384,0.00
4896384,0.00
4896384,0.00
4896384,0.00
4896384,0.00
4896384,0.00
4896384,0.00
4896384,0.00
4896384,0.00
4896384,0.00
4896384,0.00
4896384,0.00
4896384,0.00
4896384,0.00
4896384,0.00
4896384,0.00
4896384,0.00
4896384,0.00
4896384,0.00
4896384,0.00
4896384,0.00
4896384,0.00
4896384,0.00
4896384,0.00
5846016,0.00
5846016,0.00
5846016,0.00
5846016,0.00
5846016,0.00
5846016,0.00
5846016,0.00
5846016,0.00
5846016,0.00
5846016,0.00
5846016,0.00
5846016,0.00
5846016,0.00
5846016,0.00
5846016,0.00
5846016,0.00
5846016,0.00
5846016,0.00
5846016,0.00
5846016,0.00
5846016,0.00
5846016,0.00
5846016,0.00
5846016,0.00
5846016,0.00
5846016,0.00
5846016,0.00
5846016,0.00
5846016,0.00
5846016,0.00
5846016,0.00
5846016,0.00
5846016,0.00
5846016,0.00
5846016,0.00
5846016,0.00
5846016,0.00
5846016,0.00
5846016,0.00
5846016,0.00
5846016,0.00
5846016,0.00
5846016,0.00
5846016,0.00
5846016,0.00
5846016,0.00
5846016,0.00
5846016,0.00
5846016,0.00
5846016,0.00
5846016,0.00
5846016,0.00
5846016,0.00
5846016,0.00
5846016,0.00
5846016,0.00
5846016,0.00
5846016,0.00
5846016,0.00
5846016,0.00
5846016,0.00
5846016,0.00
5846016,0.00
5846016,0.00
5846016,0.00
5846016,0.00
5846016,0.00
5846016,0.00
5846016,0.00
5846016,0.00
5846016,0.00
5846016,0.00
5846016,0.00
5846016,0.00
5846016,0.00
5846016,0.00
5846016,0.00
5846016,0.00
5846016,0.00
5846016,0.00
5846016,0.00
5846016,0.00
5846016,0.00
5846016,0.00
5846016,0.00
5846016,0.00
5846016,0.00
5846016,0.00
5846016,0.00
5846016,0.00
5846016,0.00
5846016,0.00
5846016,0.00
5846016,0.00
5846016,0.00
5846016,0.00
5846016,0.00
5846016,0.00
5846016,0.00
5846016,0.00
5846016,0.00
5846016,0.00
5846016,0.00
5846016,0.00
5846016,0.00
5846016,0.00
5846016,0.00
5846016,0.00
5846016,0.00
5846016,0.00
5846016,0.00
5846016,0.00
5846016,0.00
5846016,0.00
5846016,0.00
5846016,0.00
5846016,0.00
5846016,0.00
5846016,0.00
5846016,0.00
5846016,0.00
5846016,0.00
5846016,0.00
5846016,0.00
5846016,0.00
5846016,0.00
5846016,0.00
5846016,0.00
7357952,0.00
7357952,0.00
7357952,0.00
7357952,0.00
7357952,0.00
7357952,0.00
7357952,0.00
7357952,0.00
7357952,0.00
7357952,0.00
7357952,0.00
7357952,0.00
7357952,0.00
7357952,0.00
7357952,0.00
7357952,0.00
7357952,0.00
7357952,0.00
7357952,0.00
7357952,0.00
7357952,0.00
7357952,0.00
7357952,0.00
7357952,0.00
7357952,0.00
7357952,0.00
7357952,0.00
7357952,0.00
7357952,0.00
7357952,0.00
7357952,0.00
7357952,0.00
7357952,0.00
7357952,0.00
7357952,0.00
7357952,0.00
7357952,0.00
7357952,0.00
7357952,0.00
7357952,0.00
7357952,0.00
7357952,0.00
7357952,0.00
7357952,0.00
7357952,0.00
7357952,0.00
7357952,0.00
7357952,0.00
7357952,0.00
7357952,0.00
7357952,0.00
7357952,0.00
7357952,0.00
7357952,0.00
7357952,0.00
7357952,0.00
7357952,0.00
7357952,0.00
7357952,0.00
7357952,0.00
7357952,0.00
7357952,0.00
7357952,0.00
7357952,0.00
7357952,0.00
7357952,0.00
7357952,0.00
7357952,0.00
7357952,0.00
7357952,0.00
7357952,0.00
7357952,0.00
7357952,0.00
7357952,0.00
7357952,0.00
7357952,0.00
7357952,0.00
7357952,0.00
7357952,0.00
7357952,0.00
7357952,0.00
7357952,0.00
7357952,0.00
7357952,0.00
7357952,0.00
7357952,0.00
7357952,0.00
7357952,0.00
7357952,0.00
7357952,0.00
7357952,0.00
7357952,0.00
7357952,0.00
7357952,0.00
7357952,0.00
7357952,0.00
7357952,0.00
7357952,0.00
7357952,0.00
7357952,0.00
7357952,0.00
7357952,0.00
7357952,0.00
7357952,0.00
7357952,0.00
7357952,0.00
7357952,0.00
7357952,0.00
7357952,0.00
7357952,0.00
7357952,0.00
7357952,0.00
7357952,0.00
7357952,0.00
7357952,0.00
7357952,0.00
7357952,0.00
7357952,0.00
7357952,0.00
7357952,0.00
7357952,0.00
7357952,0.00
7357952,0.00
7357952,0.00
7357952,0.00
7357952,0.00
7357952,0.00
7357952,0.00
8350976,0.00
8350976,0.00
8350976,0.00
8350976,0.00
8350976,0.00
8350976,0.00
8350976,0.00
8350976,0.00
8350976,0.00
8350976,0.00
8350976,0.00
8350976,0.00
8350976,0.00
8350976,0.00
8350976,0.00
8350976,0.00
8350976,0.00
8350976,0.00
8350976,0.00
8350976,0.00
8350976,0.00
8350976,0.00
8350976,0.00
8350976,0.00
8350976,0.00
8350976,0.00
8350976,0.00
8350976,0.00
8350976,0.00
8350976,0.00
8350976,0.00
8350976,0.00
8350976,0.00
8350976,0.00
8350976,0.00
8350976,0.00
8350976,0.00
8350976,0.00
8350976,0.00
8350976,0.00
8350976,0.00
8350976,0.00
8350976,0.00
8350976,0.00
8350976,0.00
8350976,0.00
8350976,0.00
8350976,0.00
8350976,0.00
8350976,0.00
8350976,0.00
8350976,0.00
8350976,0.00
8350976,0.00
8350976,0.00
8350976,0.00
8350976,0.00
8350976,0.00
8350976,0.00
8350976,0.00
8350976,0.00
8350976,0.00
8350976,0.00
8350976,0.00
8350976,0.00
8350976,0.00
8350976,0.00
8350976,0.00
8350976,0.00
8350976,0.00
8350976,0.00
8350976,0.00
8350976,0.00
8350976,0.00
8350976,0.00
8350976,0.00
8350976,0.00
8350976,0.00
8350976,0.00
8350976,0.00
8350976,0.00
8350976,0.00
8350976,0.00
8350976,0.00
8350976,0.00
8350976,0.00
8350976,0.00
8350976,0.00
8350976,0.00
8350976,0.00
8350976,0.00
8350976,0.00
8350976,0.00
8350976,0.00
8350976,0.00
8350976,0.00
8350976,0.00
8350976,0.00
8350976,0.00
8350976,0.00
8350976,0.00
8350976,0.00
8350976,0.00
8350976,0.00
8350976,0.00
8350976,0.00
8350976,0.00
8350976,0.00
8350976,0.00
8350976,0.00
8350976,0.00
8350976,0.00
8350976,0.00
8350976,0.00
8350976,0.00
8350976,0.00
8350976,0.00
8350976,0.00
8350976,0.00
8350976,0.00
8350976,0.00
8350976,0.00
8350976,0.00
8350976,0.00
8350976,0.00
8350976,0.00
8350976,0.00
8350976,0.00
9190656,80.00
9190656,80.00
9190656,80.00
9190656,80.00
9190656,80.00
9190656,80.00
9190656,80.00
9190656,80.00
9190656,80.00
9190656,80.00
9190656,80.00
9190656,80.00
9190656,80.00
9190656,80.00
9190656,80.00
9190656,80.00
9190656,80.00
9190656,80.00
9190656,80.00
9190656,80.00
9190656,80.00
9190656,80.00
9190656,80.00
9190656,80.00
9190656,80.00
9190656,80.00
9190656,80.00
9190656,80.00
9190656,80.00
9190656,80.00
9190656,80.00
9190656,80.00
9190656,80.00
9190656,80.00
9190656,80.00
9190656,80.00
9190656,80.00
9190656,80.00
9190656,80.00
9190656,80.00
9190656,80.00
9190656,80.00
9190656,80.00
9190656,80.00
9190656,80.00
9190656,80.00
9190656,80.00
9190656,80.00
9190656,80.00
9190656,80.00
9190656,80.00
9190656,80.00
9190656,80.00
9190656,80.00
9190656,80.00
9190656,80.00
9190656,80.00
9190656,80.00
9190656,80.00
9190656,80.00
9190656,80.00
9190656,80.00
9190656,80.00
9190656,80.00
9190656,80.00
9190656,80.00
9190656,80.00
9190656,80.00
9190656,80.00
9190656,80.00
9190656,80.00
9190656,80.00
9190656,80.00
9190656,80.00
9190656,80.00
9190656,80.00
9190656,80.00
9190656,80.00
9190656,80.00
9190656,80.00
9190656,80.00
9190656,80.00
9190656,80.00
9190656,80.00
9190656,80.00
9190656,80.00
9190656,80.00
9190656,80.00
9190656,80.00
9190656,80.00
9190656,80.00
9190656,80.00
9190656,80.00
9190656,80.00
9190656,80.00
9190656,80.00
9190656,80.00
9190656,80.00
9190656,80.00
9190656,80.00
9190656,80.00
9190656,80.00
9190656,80.00
9190656,80.00
9190656,80.00
9190656,80.00
9190656,80.00
9190656,80.00
9190656,80.00
9190656,80.00
9190656,80.00
9190656,80.00
9190656,80.00
9190656,80.00
9190656,80.00
9190656,80.00
9190656,80.00
9190656,80.00
9190656,80.00
9190656,80.00
9190656,80.00
9190656,80.00
9190656,80.00
9190656,80.00
9190656,80.00
9190656,80.00
9190656,80.00
9190656,80.00
9854592,20.00
9854592,20.00
9854592,20.00
9854592,20.00
9854592,20.00
9854592,20.00
9854592,20.00
9854592,20.00
9854592,20.00
9854592,20.00
9854592,20.00
9854592,20.00
9854592,20.00
9854592,20.00
9854592,20.00
9854592,20.00
9854592,20.00
9854592,20.00
9854592,20.00
9854592,20.00
9854592,20.00
9854592,20.00
9854592,20.00
9854592,20.00
9854592,20.00
9854592,20.00
9854592,20.00
9854592,20.00
9854592,20.00
9854592,20.00
9854592,20.00
9854592,20.00
9854592,20.00
9854592,20.00
9854592,20.00
9854592,20.00
9854592,20.00
9854592,20.00
9854592,20.00
9854592,20.00
9854592,20.00
9854592,20.00
9854592,20.00
9854592,20.00
9854592,20.00
9854592,20.00
9854592,20.00
9854592,20.00
9854592,20.00
9854592,20.00
9854592,20.00
9854592,20.00
9854592,20.00
9854592,20.00
9854592,20.00
9854592,20.00
9854592,20.00
9854592,20.00
9854592,20.00
9854592,20.00
9854592,20.00
9854592,20.00
9854592,20.00
9854592,20.00
9854592,20.00
9854592,20.00
9854592,20.00
9854592,20.00
9854592,20.00
9854592,20.00
9854592,20.00
9854592,20.00
9854592,20.00
9854592,20.00
9854592,20.00
9854592,20.00
9854592,20.00
9854592,20.00
9854592,20.00
9854592,20.00
9854592,20.00
9854592,20.00
9854592,20.00
9854592,20.00
9854592,20.00
9854592,20.00
9854592,20.00
9854592,20.00
9854592,20.00
9854592,20.00
9854592,20.00
9854592,20.00
9854592,20.00
9854592,20.00
9854592,20.00
9854592,20.00
9854592,20.00
9854592,20.00
9854592,20.00
9854592,20.00
9854592,20.00
9854592,20.00
9854592,20.00
9854592,20.00
9854592,20.00
9854592,20.00
9854592,20.00
9854592,20.00
9854592,20.00
9854592,20.00
9854592,20.00
9854592,20.00
9854592,20.00
9854592,20.00
9854592,20.00
9854592,20.00
9854592,20.00
9854592,20.00
9854592,20.00
9854592,20.00
9854592,20.00
9854592,20.00
9854592,20.00
9854592,20.00
9854592,20.00
9854592,20.00
9854592,20.00
9854592,20.00
10424192,0.00
10424192,0.00
10424192,0.00
10424192,0.00
10424192,0.00
10424192,0.00
10424192,0.00
10424192,0.00
10424192,0.00
10424192,0.00
10424192,0.00
10424192,0.00
10424192,0.00
10424192,0.00
10424192,0.00
10424192,0.00
10424192,0.00
10424192,0.00
10424192,0.00
10424192,0.00
10424192,0.00
10424192,0.00
10424192,0.00
10424192,0.00
10424192,0.00
10424192,0.00
10424192,0.00
10424192,0.00
10424192,0.00
10424192,0.00
10424192,0.00
10424192,0.00
10424192,0.00
10424192,0.00
10424192,0.00
10424192,0.00
10424192,0.00
10424192,0.00
10424192,0.00
10424192,0.00
10424192,0.00
10424192,0.00
10424192,0.00
10424192,0.00
10424192,0.00
10424192,0.00
10424192,0.00
10424192,0.00
10424192,0.00
10424192,0.00
10424192,0.00
10424192,0.00
10424192,0.00
10424192,0.00
10424192,0.00
10424192,0.00
10424192,0.00
10424192,0.00
10424192,0.00
10424192,0.00
10424192,0.00
10424192,0.00
10424192,0.00
10424192,0.00
10424192,0.00
10424192,0.00
10424192,0.00
10424192,0.00
10424192,0.00
10424192,0.00
10424192,0.00
10424192,0.00
10424192,0.00
10424192,0.00
10424192,0.00
10424192,0.00
10424192,0.00
10424192,0.00
10424192,0.00
10424192,0.00
10424192,0.00
10424192,0.00
10424192,0.00
10424192,0.00
10424192,0.00
10424192,0.00
10424192,0.00
10424192,0.00
10424192,0.00
10424192,0.00
10424192,0.00
10424192,0.00
10424192,0.00
10424192,0.00
10424192,0.00
10424192,0.00
10424192,0.00
10424192,0.00
10424192,0.00
10424192,0.00
10424192,0.00
10424192,0.00
10424192,0.00
10424192,0.00
10424192,0.00
10424192,0.00
10424192,0.00
10424192,0.00
10424192,0.00
10424192,0.00
10424192,0.00
10424192,0.00
10424192,0.00
10424192,0.00
10424192,0.00
10424192,0.00
10424192,0.00
10424192,0.00
10424192,0.00
10424192,0.00
10424192,0.00
10424192,0.00
10424192,0.00
10424192,0.00
10424192,0.00
10424192,0.00
10424192,0.00
10424192,0.00
10990080,0.00
10990080,0.00
10990080,0.00
10990080,0.00
10990080,0.00
10990080,0.00
10990080,0.00
10990080,0.00
10990080,0.00
10990080,0.00
10990080,0.00
10990080,0.00
10990080,0.00
10990080,0.00
10990080,0.00
10990080,0.00
10990080,0.00
10990080,0.00
10990080,0.00
10990080,0.00
10990080,0.00
10990080,0.00
10990080,0.00
10990080,0.00
10990080,0.00
10990080,0.00
10990080,0.00
10990080,0.00
10990080,0.00
10990080,0.00
10990080,0.00
10990080,0.00
10990080,0.00
10990080,0.00
10990080,0.00
10990080,0.00
10990080,0.00
10990080,0.00
10990080,0.00
10990080,0.00
10990080,0.00
10990080,0.00
10990080,0.00
10990080,0.00
10990080,0.00
10990080,0.00
10990080,0.00
10990080,0.00
10990080,0.00
10990080,0.00
10990080,0.00
10990080,0.00
10990080,0.00
10990080,0.00
10990080,0.00
10990080,0.00
10990080,0.00
10990080,0.00
10990080,0.00
10990080,0.00
10990080,0.00
10990080,0.00
10990080,0.00
10990080,0.00
10990080,0.00
10990080,0.00
10990080,0.00
10990080,0.00
10990080,0.00
10990080,0.00
10990080,0.00
10990080,0.00
10990080,0.00
10990080,0.00
10990080,0.00
10990080,0.00
10990080,0.00
10990080,0.00
10990080,0.00
10990080,0.00
10990080,0.00
10990080,0.00
10990080,0.00
10990080,0.00
10990080,0.00
10990080,0.00
10990080,0.00
10990080,0.00
10990080,0.00
10990080,0.00
10990080,0.00
10990080,0.00
10990080,0.00
10990080,0.00
10990080,0.00
10990080,0.00
10990080,0.00
10990080,0.00
10990080,0.00
10990080,0.00
10990080,0.00
10990080,0.00
10990080,0.00
10990080,0.00
10990080,0.00
10990080,0.00
10990080,0.00
10990080,0.00
10990080,0.00
10990080,0.00
10990080,0.00
10990080,0.00
10990080,0.00
10990080,0.00
10990080,0.00
10990080,0.00
10990080,0.00
10990080,0.00
10990080,0.00
10990080,0.00
10990080,0.00
10990080,0.00
10990080,0.00
10990080,0.00
10990080,0.00
10990080,0.00
10990080,0.00
10990080,0.00
11577728,0.00
11577728,0.00
11577728,0.00
11577728,0.00
11577728,0.00
11577728,0.00
11577728,0.00
11577728,0.00
11577728,0.00
11577728,0.00
11577728,0.00
11577728,0.00
11577728,0.00
11577728,0.00
11577728,0.00
11577728,0.00
11577728,0.00
11577728,0.00
11577728,0.00
11577728,0.00
11577728,0.00
11577728,0.00
11577728,0.00
11577728,0.00
11577728,0.00
11577728,0.00
11577728,0.00
11577728,0.00
11577728,0.00
11577728,0.00
11577728,0.00
11577728,0.00
11577728,0.00
11577728,0.00
11577728,0.00
11577728,0.00
11577728,0.00
11577728,0.00
11577728,0.00
11577728,0.00
11577728,0.00
11577728,0.00
11577728,0.00
11577728,0.00
11577728,0.00
11577728,0.00
11577728,0.00
11577728,0.00
11577728,0.00
11577728,0.00
11577728,0.00
11577728,0.00
11577728,0.00
11577728,0.00
11577728,0.00
11577728,0.00
11577728,0.00
11577728,0.00
11577728,0.00
11577728,0.00
11577728,0.00
11577728,0.00
11577728,0.00
11577728,0.00
11577728,0.00
11577728,0.00
11577728,0.00
11577728,0.00
11577728,0.00
11577728,0.00
11577728,0.00
11577728,0.00
11577728,0.00
11577728,0.00
11577728,0.00
11577728,0.00
11577728,0.00
11577728,0.00
11577728,0.00
11577728,0.00
11577728,0.00
11577728,0.00
11577728,0.00
11577728,0.00
11577728,0.00
11577728,0.00
11577728,0.00
11577728,0.00
11577728,0.00
11577728,0.00
11577728,0.00
11577728,0.00
11577728,0.00
11577728,0.00
11577728,0.00
11577728,0.00
11577728,0.00
11577728,0.00
11577728,0.00
11577728,0.00
11577728,0.00
11577728,0.00
11577728,0.00
11577728,0.00
11577728,0.00
11577728,0.00
11577728,0.00
11577728,0.00
11577728,0.00
11577728,0.00
11577728,0.00
11577728,0.00
11577728,0.00
11577728,0.00
11577728,0.00
11577728,0.00
11577728,0.00
11577728,0.00
11577728,0.00
11577728,0.00
11577728,0.00
11577728,0.00
11577728,0.00
11577728,0.00
11577728,0.00
11577728,0.00
11577728,0.00
11577728,0.00
12619520,640.00
12619520,640.00
12619520,640.00
12619520,640.00
12619520,640.00
12619520,640.00
12619520,640.00
12619520,640.00
12619520,640.00
12619520,640.00
12619520,640.00
12619520,640.00
12619520,640.00
12619520,640.00
12619520,640.00
12619520,640.00
12619520,640.00
12619520,640.00
12619520,640.00
12619520,640.00
12619520,640.00
12619520,640.00
12619520,640.00
12619520,640.00
12619520,640.00
12619520,640.00
12619520,640.00
12619520,640.00
12619520,640.00
12619520,640.00
12619520,640.00
12619520,640.00
12619520,640.00
12619520,640.00
12619520,640.00
12619520,640.00
12619520,640.00
12619520,640.00
12619520,640.00
12619520,640.00
12619520,640.00
12619520,640.00
12619520,640.00
12619520,640.00
12619520,640.00
12619520,640.00
12619520,640.00
12619520,640.00
12619520,640.00
12619520,640.00
12619520,640.00
12619520,640.00
12619520,640.00
12619520,640.00
12619520,640.00
12619520,640.00
12619520,640.00
12619520,640.00
12619520,640.00
12619520,640.00
12619520,640.00
12619520,640.00
12619520,640.00
12619520,640.00
12619520,640.00
12619520,640.00
12619520,640.00
12619520,640.00
12619520,640.00
12619520,640.00
12619520,640.00
12619520,640.00
12619520,640.00
12619520,640.00
12619520,640.00
12619520,640.00
12619520,640.00
12619520,640.00
12619520,640.00
12619520,640.00
12619520,640.00
12619520,640.00
12619520,640.00
12619520,640.00
12619520,640.00
12619520,640.00
12619520,640.00
12619520,640.00
12619520,640.00
12619520,640.00
12619520,640.00
12619520,640.00
12619520,640.00
12619520,640.00
12619520,640.00
12619520,640.00
12619520,640.00
12619520,640.00
12619520,640.00
12619520,640.00
12619520,640.00
12619520,640.00
12619520,640.00
12619520,640.00
12619520,640.00
12619520,640.00
12619520,640.00
12619520,640.00
12619520,640.00
12619520,640.00
12619520,640.00
12619520,640.00
12619520,640.00
12619520,640.00
12619520,640.00
12619520,640.00
12619520,640.00
12619520,640.00
12619520,640.00
12619520,640.00
12619520,640.00
12619520,640.00
12619520,640.00
12619520,640.00
12619520,640.00
12619520,640.00
12619520,640.00
12619520,640.00
13358720,900.00
13358720,900.00
13358720,900.00
13358720,900.00
13358720,900.00
13358720,900.00
13358720,900.00
13358720,900.00
13358720,900.00
13358720,900.00
13358720,900.00
13358720,900.00
13358720,900.00
13358720,900.00
13358720,900.00
13358720,900.00
13358720,900.00
13358720,900.00
13358720,900.00
13358720,900.00
13358720,900.00
13358720,900.00
13358720,900.00
13358720,900.00
13358720,900.00
13358720,900.00
13358720,900.00
13358720,900.00
13358720,900.00
13358720,900.00
13358720,900.00
13358720,900.00
13358720,900.00
13358720,900.00
13358720,900.00
13358720,900.00
13358720,900.00
13358720,900.00
13358720,900.00
13358720,900.00
13358720,900.00
13358720,900.00
13358720,900.00
13358720,900.00
13358720,900.00
13358720,900.00
13358720,900.00
13358720,900.00
13358720,900.00
13358720,900.00
13358720,900.00
13358720,900.00
13358720,900.00
13358720,900.00
13358720,900.00
13358720,900.00
13358720,900.00
13358720,900.00
13358720,900.00
13358720,900.00
13358720,900.00
13358720,900.00
13358720,900.00
13358720,900.00
13358720,900.00
13358720,900.00
13358720,900.00
13358720,900.00
13358720,900.00
13358720,900.00
13358720,900.00
13358720,900.00
13358720,900.00
13358720,900.00
13358720,900.00
13358720,900.00
13358720,900.00
13358720,900.00
13358720,900.00
13358720,900.00
13358720,900.00
13358720,900.00
13358720,900.00
13358720,900.00
13358720,900.00
13358720,900.00
13358720,900.00
13358720,900.00
13358720,900.00
13358720,900.00
13358720,900.00
13358720,900.00
13358720,900.00
13358720,900.00
13358720,900.00
13358720,900.00
13358720,900.00
13358720,900.00
13358720,900.00
13358720,900.00
13358720,900.00
13358720,900.00
13358720,900.00
13358720,900.00
13358720,900.00
13358720,900.00
13358720,900.00
13358720,900.00
13358720,900.00
13358720,900.00
13358720,900.00
13358720,900.00
13358720,900.00
13358720,900.00
13358720,900.00
13358720,900.00
13358720,900.00
13358720,900.00
13358720,900.00
13358720,900.00
13358720,900.00
13358720,900.00
13358720,900.00
13358720,900.00
13358720,900.00
13358720,900.00
13358720,900.00
13358720,900.00
13947264,320.00
13947264,320.00
13947264,320.00
13947264,320.00
13947264,320.00
13947264,320.00
13947264,320.00
13947264,320.00
13947264,320.00
13947264,320.00
13947264,320.00
13947264,320.00
13947264,320.00
13947264,320.00
13947264,320.00
13947264,320.00
13947264,320.00
13947264,320.00
13947264,320.00
13947264,320.00
13947264,320.00
13947264,320.00
13947264,320.00
13947264,320.00
13947264,320.00
13947264,320.00
13947264,320.00
13947264,320.00
13947264,320.00
13947264,320.00
13947264,320.00
13947264,320.00
13947264,320.00
13947264,320.00
13947264,320.00
13947264,320.00
13947264,320.00
13947264,320.00
13947264,320.00
13947264,320.00
13947264,320.00
13947264,320.00
13947264,320.00
13947264,320.00
13947264,320.00
13947264,320.00
13947264,320.00
13947264,320.00
13947264,320.00
13947264,320.00
13947264,320.00
13947264,320.00
13947264,320.00
13947264,320.00
13947264,320.00
13947264,320.00
13947264,320.00
13947264,320.00
13947264,320.00
13947264,320.00
13947264,320.00
13947264,320.00
13947264,320.00
13947264,320.00
13947264,320.00
13947264,320.00
13947264,320.00
13947264,320.00
13947264,320.00
13947264,320.00
13947264,320.00
13947264,320.00
13947264,320.00
13947264,320.00
13947264,320.00
13947264,320.00
13947264,320.00
13947264,320.00
13947264,320.00
13947264,320.00
13947264,320.00
13947264,320.00
13947264,320.00
13947264,320.00
13947264,320.00
13947264,320.00
13947264,320.00
13947264,320.00
13947264,320.00
13947264,320.00
13947264,320.00
13947264,320.00
13947264,320.00
13947264,320.00
13947264,320.00
13947264,320.00
13947264,320.00
13947264,320.00
13947264,320.00
13947264,320.00
13947264,320.00
13947264,320.00
13947264,320.00
13947264,320.00
13947264,320.00
13947264,320.00
13947264,320.00
13947264,320.00
13947264,320.00
13947264,320.00
13947264,320.00
13947264,320.00
13947264,320.00
13947264,320.00
13947264,320.00
13947264,320.00
13947264,320.00
13947264,320.00
13947264,320.00
13947264,320.00
13947264,320.00
13947264,320.00
13947264,320.00
13947264,320.00
13947264,320.00
13947264,320.00
13947264,320.00
13947264,320.00
14745600,0.00
14745600,0.00
14745600,0.00
14745600,0.00
14745600,0.00
14745600,0.00
14745600,0.00
14745600,0.00
14745600,0.00
14745600,0.00
14745600,0.00
14745600,0.00
14745600,0.00
14745600,0.00
14745600,0.00
14745600,0.00
14745600,0.00
14745600,0.00
14745600,0.00
14745600,0.00
14745600,0.00
14745600,0.00
14745600,0.00
14745600,0.00
14745600,0.00
14745600,0.00
14745600,0.00
14745600,0.00
14745600,0.00
14745600,0.00
14745600,0.00
14745600,0.00
14745600,0.00
14745600,0.00
14745600,0.00
14745600,0.00
14745600,0.00
14745600,0.00
14745600,0.00
14745600,0.00
14745600,0.00
14745600,0.00
14745600,0.00
14745600,0.00
14745600,0.00
14745600,0.00
14745600,0.00
14745600,0.00
14745600,0.00
14745600,0.00
14745600,0.00
14745600,0.00
14745600,0.00
14745600,0.00
14745600,0.00
14745600,0.00
14745600,0.00
14745600,0.00
14745600,0.00
14745600,0.00
14745600,0.00
14745600,0.00
14745600,0.00
14745600,0.00
14745600,0.00
14745600,0.00
14745600,0.00
14745600,0.00
14745600,0.00
14745600,0.00
14745600,0.00
14745600,0.00
14745600,0.00
14745600,0.00
14745600,0.00
14745600,0.00
14745600,0.00
14745600,0.00
14745600,0.00
14745600,0.00
14745600,0.00
14745600,0.00
14745600,0.00
14745600,0.00
14745600,0.00
14745600,0.00
14745600,0.00
14745600,0.00
14745600,0.00
14745600,0.00
14745600,0.00
14745600,0.00
14745600,0.00
14745600,0.00
14745600,0.00
14745600,0.00
14745600,0.00
14745600,0.00
14745600,0.00
14745600,0.00
14745600,0.00
14745600,0.00
14745600,0.00
14745600,0.00
14745600,0.00
14745600,0.00
14745600,0.00
14745600,0.00
14745600,0.00
14745600,0.00
14745600,0.00
14745600,0.00
14745600,0.00
14745600,0.00
14745600,0.00
14745600,0.00
14745600,0.00
14745600,0.00
14745600,0.00
14745600,0.00
14745600,0.00
14745600,0.00
14745600,0.00
14745600,0.00
14745600,0.00
14745600,0.00
14745600,0.00
14745600,0.00
15359616,0.00
15359616,0.00
15359616,0.00
15359616,0.00
15359616,0.00
15359616,0.00
15359616,0.00
15359616,0.00
15359616,0.00
15359616,0.00
15359616,0.00
15359616,0.00
15359616,0.00
15359616,0.00
15359616,0.00
15359616,0.00
15359616,0.00
15359616,0.00
15359616,0.00
15359616,0.00
15359616,0.00
15359616,0.00
15359616,0.00
15359616,0.00
15359616,0.00
15359616,0.00
15359616,0.00
15359616,0.00
15359616,0.00
15359616,0.00
15359616,0.00
15359616,0.00
15359616,0.00
15359616,0.00
15359616,0.00
15359616,0.00
15359616,0.00
15359616,0.00
15359616,0.00
15359616,0.00
15359616,0.00
15359616,0.00
15359616,0.00
15359616,0.00
15359616,0.00
15359616,0.00
15359616,0.00
15359616,0.00
15359616,0.00
15359616,0.00
15359616,0.00
15359616,0.00
15359616,0.00
15359616,0.00
15359616,0.00
15359616,0.00
15359616,0.00
15359616,0.00
15359616,0.00
15359616,0.00
15359616,0.00
15359616,0.00
15359616,0.00
15359616,0.00
15359616,0.00
15359616,0.00
15359616,0.00
15359616,0.00
15359616,0.00
15359616,0.00
15359616,0.00
15359616,0.00
15359616,0.00
15359616,0.00
15359616,0.00
15359616,0.00
15359616,0.00
15359616,0.00
15359616,0.00
15359616,0.00
15359616,0.00
15359616,0.00
15359616,0.00
15359616,0.00
15359616,0.00
15359616,0.00
15359616,0.00
15359616,0.00
15359616,0.00
15359616,0.00
15359616,0.00
15359616,0.00
15359616,0.00
15359616,0.00
15359616,0.00
15359616,0.00
15359616,0.00
15359616,0.00
15359616,0.00
15359616,0.00
15359616,0.00
15359616,0.00
15359616,0.00
15359616,0.00
15359616,0.00
15359616,0.00
15359616,0.00
15359616,0.00
15359616,0.00
15359616,0.00
15359616,0.00
15359616,0.00
15359616,0.00
15359616,0.00
15359616,0.00
15359616,0.00
15359616,0.00
15359616,0.00
15359616,0.00
15359616,0.00
15359616,0.00
15359616,0.00
15359616,0.00
15359616,0.00
15359616,0.00
15359616,0.00
15359616,0.00
15359616,0.00
16598784,500.00
16598784,500.00
16598784,500.00
16598784,500.00
16598784,500.00
16598784,500.00
16598784,500.00
16598784,500.00
16598784,500.00
16598784,500.00
16598784,500.00
16598784,500.00
16598784,500.00
16598784,500.00
16598784,500.00
16598784,500.00
16598784,500.00
16598784,500.00
16598784,500.00
16598784,500.00
16598784,500.00
16598784,500.00
16598784,500.00
16598784,500.00
16598784,500.00
16598784,500.00
16598784,500.00
16598784,500.00
16598784,500.00
16598784,500.00
16598784,500.00
16598784,500.00
16598784,500.00
16598784,500.00
16598784,500.00
16598784,500.00
16598784,500.00
16598784,500.00
16598784,500.00
16598784,500.00
16598784,500.00
16598784,500.00
16598784,500.00
16598784,500.00
16598784,500.00
16598784,500.00
16598784,500.00
16598784,500.00
16598784,500.00
16598784,500.00
16598784,500.00
16598784,500.00
16598784,500.00
16598784,500.00
16598784,500.00
16598784,500.00
16598784,500.00
16598784,500.00
16598784,500.00
16598784,500.00
16598784,500.00
16598784,500.00
16598784,500.00
16598784,500.00
16598784,500.00
16598784,500.00
16598784,500.00
16598784,500.00
16598784,500.00
16598784,500.00
16598784,500.00
16598784,500.00
16598784,500.00
16598784,500.00
16598784,500.00
16598784,500.00
16598784,500.00
16598784,500.00
16598784,500.00
16598784,500.00
16598784,500.00
16598784,500.00
16598784,500.00
16598784,500.00
16598784,500.00
16598784,500.00
16598784,500.00
16598784,500.00
16598784,500.00
16598784,500.00
16598784,500.00
16598784,500.00
16598784,500.00
16598784,500.00
16598784,500.00
16598784,500.00
16598784,500.00
16598784,500.00
16598784,500.00
16598784,500.00
16598784,500.00
16598784,500.00
16598784,500.00
16598784,500.00
16598784,500.00
16598784,500.00
16598784,500.00
16598784,500.00
16598784,500.00
16598784,500.00
16598784,500.00
16598784,500.00
16598784,500.00
16598784,500.00
16598784,500.00
16598784,500.00
16598784,500.00
16598784,500.00
16598784,500.00
16598784,500.00
16598784,500.00
16598784,500.00
16598784,500.00
16598784,500.00
16598784,500.00
16598784,500.00
16598784,500.00
16598784,500.00
17799296,160.00
17799296,160.00
17799296,160.00
17799296,160.00
17799296,160.00
17799296,160.00
17799296,160.00
17799296,160.00
17799296,160.00
17799296,160.00
17799296,160.00
17799296,160.00
17799296,160.00
17799296,160.00
17799296,160.00
17799296,160.00
17799296,160.00
17799296,160.00
17799296,160.00
17799296,160.00
17799296,160.00
17799296,160.00
17799296,160.00
17799296,160.00
17799296,160.00
17799296,160.00
17799296,160.00
17799296,160.00
17799296,160.00
17799296,160.00
17799296,160.00
17799296,160.00
17799296,160.00
17799296,160.00
17799296,160.00
17799296,160.00
17799296,160.00
17799296,160.00
17799296,160.00
17799296,160.00
17799296,160.00
17799296,160.00
17799296,160.00
17799296,160.00
17799296,160.00
17799296,160.00
17799296,160.00
17799296,160.00
17799296,160.00
17799296,160.00
17799296,160.00
17799296,160.00
17799296,160.00
17799296,160.00
17799296,160.00
17799296,160.00
17799296,160.00
17799296,160.00
17799296,160.00
17799296,160.00
17799296,160.00
17799296,160.00
17799296,160.00
17799296,160.00
17799296,160.00
17799296,160.00
17799296,160.00
17799296,160.00
17799296,160.00
17799296,160.00
17799296,160.00
17799296,160.00
17799296,160.00
17799296,160.00
17799296,160.00
17799296,160.00
17799296,160.00
17799296,160.00
17799296,160.00
17799296,160.00
17799296,160.00
17799296,160.00
17799296,160.00
17799296,160.00
17799296,160.00
17799296,160.00
17799296,160.00
17799296,160.00
17799296,160.00
17799296,160.00
17799296,160.00
17799296,160.00
17799296,160.00
17799296,160.00
17799296,160.00
17799296,160.00
17799296,160.00
17799296,160.00
17799296,160.00
17799296,160.00
17799296,160.00
17799296,160.00
17799296,160.00
17799296,160.00
17799296,160.00
17799296,160.00
17799296,160.00
17799296,160.00
17799296,160.00
17799296,160.00
17799296,160.00
17799296,160.00
17799296,160.00
17799296,160.00
17799296,160.00
17799296,160.00
17799296,160.00
17799296,160.00
17799296,160.00
17799296,160.00
17799296,160.00
17799296,160.00
17799296,160.00
17799296,160.00
17799296,160.00
17799296,160.00
17799296,160.00
17799296,160.00
18704256,480.00
18704256,480.00
18704256,480.00
18704256,480.00
18704256,480.00
18704256,480.00
18704256,480.00
18704256,480.00
18704256,480.00
18704256,480.00
18704256,480.00
18704256,480.00
18704256,480.00
18704256,480.00
18704256,480.00
18704256,480.00
18704256,480.00
18704256,480.00
18704256,480.00
18704256,480.00
18704256,480.00
18704256,480.00
18704256,480.00
18704256,480.00
18704256,480.00
18704256,480.00
18704256,480.00
18704256,480.00
18704256,480.00
18704256,480.00
18704256,480.00
18704256,480.00
18704256,480.00
18704256,480.00
18704256,480.00
18704256,480.00
18704256,480.00
18704256,480.00
18704256,480.00
18704256,480.00
18704256,480.00
18704256,480.00
18704256,480.00
18704256,480.00
18704256,480.00
18704256,480.00
18704256,480.00
18704256,480.00
18704256,480.00
18704256,480.00
18704256,480.00
18704256,480.00
18704256,480.00
18704256,480.00
18704256,480.00
18704256,480.00
18704256,480.00
18704256,480.00
18704256,480.00
18704256,480.00
18704256,480.00
18704256,480.00
18704256,480.00
18704256,480.00
18704256,480.00
18704256,480.00
18704256,480.00
18704256,480.00
18704256,480.00
18704256,480.00
18704256,480.00
18704256,480.00
18704256,480.00
18704256,480.00
18704256,480.00
18704256,480.00
18704256,480.00
18704256,480.00
18704256,480.00
18704256,480.00
18704256,480.00
18704256,480.00
18704256,480.00
18704256,480.00
18704256,480.00
18704256,480.00
18704256,480.00
18704256,480.00
18704256,480.00
18704256,480.00
18704256,480.00
18704256,480.00
18704256,480.00
18704256,480.00
18704256,480.00
18704256,480.00
18704256,480.00
18704256,480.00
18704256,480.00
18704256,480.00
18704256,480.00
18704256,480.00
18704256,480.00
18704256,480.00
18704256,480.00
18704256,480.00
18704256,480.00
18704256,480.00
18704256,480.00
18704256,480.00
18704256,480.00
18704256,480.00
18704256,480.00
18704256,480.00
18704256,480.00
18704256,480.00
18704256,480.00
18704256,480.00
18704256,480.00
18704256,480.00
18704256,480.00
18704256,480.00
18704256,480.00
18704256,480.00
18704256,480.00
18704256,480.00
18704256,480.00
18704256,480.00
19772288,400.00
19772288,400.00
19772288,400.00
19772288,400.00
19772288,400.00
19772288,400.00
19772288,400.00
19772288,400.00
19772288,400.00
19772288,400.00
19772288,400.00
19772288,400.00
19772288,400.00
19772288,400.00
19772288,400.00
19772288,400.00
19772288,400.00
19772288,400.00
19772288,400.00
19772288,400.00
19772288,400.00
19772288,400.00
19772288,400.00
19772288,400.00
19772288,400.00
19772288,400.00
19772288,400.00
19772288,400.00
19772288,400.00
19772288,400.00
19772288,400.00
19772288,400.00
19772288,400.00
19772288,400.00
19772288,400.00
19772288,400.00
19772288,400.00
19772288,400.00
19772288,400.00
19772288,400.00
19772288,400.00
19772288,400.00
19772288,400.00
19772288,400.00
19772288,400.00
19772288,400.00
19772288,400.00
19772288,400.00
19772288,400.00
19772288,400.00
19772288,400.00
19772288,400.00
19772288,400.00
19772288,400.00
19772288,400.00
19772288,400.00
19772288,400.00
19772288,400.00
19772288,400.00
19772288,400.00
19772288,400.00
19772288,400.00
19772288,400.00
19772288,400.00
19772288,400.00
19772288,400.00
19772288,400.00
19772288,400.00
19772288,400.00
19772288,400.00
19772288,400.00
19772288,400.00
19772288,400.00
19772288,400.00
19772288,400.00
19772288,400.00
19772288,400.00
19772288,400.00
19772288,400.00
19772288,400.00
19772288,400.00
19772288,400.00
19772288,400.00
19772288,400.00
19772288,400.00
19772288,400.00
19772288,400.00
19772288,400.00
19772288,400.00
19772288,400.00
19772288,400.00
19772288,400.00
19772288,400.00
19772288,400.00
19772288,400.00
19772288,400.00
19772288,400.00
19772288,400.00
19772288,400.00
19772288,400.00
19772288,400.00
19772288,400.00
19772288,400.00
19772288,400.00
19772288,400.00
19772288,400.00
19772288,400.00
19772288,400.00
19772288,400.00
19772288,400.00
19772288,400.00
19772288,400.00
19772288,400.00
19772288,400.00
19772288,400.00
19772288,400.00
19772288,400.00
19772288,400.00
19772288,400.00
19772288,400.00
19772288,400.00
19772288,400.00
19772288,400.00
19772288,400.00
19772288,400.00
19772288,400.00
19772288,400.00
19772288,400.00
20207488,0.00
20207488,0.00
20207488,0.00
20207488,0.00
20207488,0.00
20207488,0.00
20207488,0.00
20207488,0.00
20207488,0.00
20207488,0.00
20207488,0.00
20207488,0.00
20207488,0.00
20207488,0.00
20207488,0.00
20207488,0.00
20207488,0.00
20207488,0.00
20207488,0.00
20207488,0.00
20207488,0.00
20207488,0.00
20207488,0.00
20207488,0.00
20207488,0.00
20207488,0.00
20207488,0.00
20207488,0.00
20207488,0.00
20207488,0.00
20207488,0.00
20207488,0.00
20207488,0.00
20207488,0.00
20207488,0.00
20207488,0.00
20207488,0.00
20207488,0.00
20207488,0.00
20207488,0.00
20207488,0.00
20207488,0.00
20207488,0.00
20207488,0.00
20207488,0.00
20207488,0.00
20207488,0.00
20207488,0.00
20207488,0.00
20207488,0.00
20207488,0.00
20207488,0.00
20207488,0.00
20207488,0.00
20207488,0.00
20207488,0.00
20207488,0.00
20207488,0.00
20207488,0.00
20207488,0.00
20207488,0.00
20207488,0.00
20207488,0.00
20207488,0.00
20207488,0.00
20207488,0.00
20207488,0.00
20207488,0.00
20207488,0.00
20207488,0.00
20207488,0.00
20207488,0.00
20207488,0.00
20207488,0.00
20207488,0.00
20207488,0.00
20207488,0.00
20207488,0.00
20207488,0.00
20207488,0.00
20207488,0.00
20207488,0.00
20207488,0.00
20207488,0.00
20207488,0.00
20207488,0.00
20207488,0.00
20207488,0.00
20207488,0.00
20207488,0.00
20207488,0.00
20207488,0.00
20207488,0.00
20207488,0.00
20207488,0.00
20207488,0.00
20207488,0.00
20207488,0.00
20207488,0.00
20207488,0.00
20207488,0.00
20207488,0.00
20207488,0.00
20207488,0.00
20207488,0.00
20207488,0.00
20207488,0.00
20207488,0.00
20207488,0.00
20207488,0.00
20207488,0.00
20207488,0.00
20207488,0.00
20207488,0.00
20207488,0.00
20207488,0.00
20207488,0.00
20207488,0.00
20207488,0.00
20207488,0.00
20207488,0.00
20207488,0.00
20207488,0.00
20207488,0.00
20207488,0.00
20207488,0.00
20207488,0.00
20207488,0.00
20621440,80.00
20621440,80.00
20621440,80.00
20621440,80.00
20621440,80.00
20621440,80.00
20621440,80.00
20621440,80.00
20621440,80.00
20621440,80.00
20621440,80.00
20621440,80.00
20621440,80.00
20621440,80.00
20621440,80.00
20621440,80.00
20621440,80.00
20621440,80.00
20621440,80.00
20621440,80.00
20621440,80.00
20621440,80.00
20621440,80.00
20621440,80.00
20621440,80.00
20621440,80.00
20621440,80.00
20621440,80.00
20621440,80.00
20621440,80.00
20621440,80.00
20621440,80.00
20621440,80.00
20621440,80.00
20621440,80.00
20621440,80.00
20621440,80.00
20621440,80.00
20621440,80.00
20621440,80.00
20621440,80.00
20621440,80.00
20621440,80.00
20621440,80.00
20621440,80.00
20621440,80.00
20621440,80.00
20621440,80.00
20621440,80.00
20621440,80.00
20621440,80.00
20621440,80.00
20621440,80.00
20621440,80.00
20621440,80.00
20621440,80.00
20621440,80.00
20621440,80.00
20621440,80.00
20621440,80.00
20621440,80.00
20621440,80.00
20621440,80.00
20621440,80.00
20621440,80.00
20621440,80.00
20621440,80.00
20621440,80.00
20621440,80.00
20621440,80.00
20621440,80.00
20621440,80.00
20621440,80.00
20621440,80.00
20621440,80.00
20621440,80.00
20621440,80.00
20621440,80.00
20621440,80.00
20621440,80.00
20621440,80.00
20621440,80.00
20621440,80.00
20621440,80.00
20621440,80.00
20621440,80.00
20621440,80.00
20621440,80.00
20621440,80.00
20621440,80.00
20621440,80.00
20621440,80.00
20621440,80.00
20621440,80.00
20621440,80.00
20621440,80.00
20621440,80.00
20621440,80.00
20621440,80.00
20621440,80.00
20621440,80.00
20621440,80.00
20621440,80.00
20621440,80.00
20621440,80.00
20621440,80.00
20621440,80.00
20621440,80.00
20621440,80.00
20621440,80.00
20621440,80.00
20621440,80.00
20621440,80.00
20621440,80.00
20621440,80.00
20621440,80.00
20621440,80.00
20621440,80.00
20621440,80.00
20621440,80.00
20621440,80.00
20621440,80.00
20621440,80.00
20621440,80.00
20621440,80.00
20621440,80.00
20621440,80.00
20621440,80.00
21670912,1120.00
21670912,1120.00
21670912,1120.00
21670912,1120.00
21670912,1120.00
21670912,1120.00
21670912,1120.00
21670912,1120.00
21670912,1120.00
21670912,1120.00
21670912,1120.00
21670912,1120.00
21670912,1120.00
21670912,1120.00
21670912,1120.00
21670912,1120.00
21670912,1120.00
21670912,1120.00
21670912,1120.00
21670912,1120.00
21670912,1120.00
21670912,1120.00
21670912,1120.00
21670912,1120.00
21670912,1120.00
21670912,1120.00
21670912,1120.00
21670912,1120.00
21670912,1120.00
21670912,1120.00
21670912,1120.00
21670912,1120.00
21670912,1120.00
21670912,1120.00
21670912,1120.00
21670912,1120.00
21670912,1120.00
21670912,1120.00
21670912,1120.00
21670912,1120.00
21670912,1120.00
21670912,1120.00
21670912,1120.00
21670912,1120.00
21670912,1120.00
21670912,1120.00
21670912,1120.00
21670912,1120.00
21670912,1120.00
21670912,1120.00
21670912,1120.00
21670912,1120.00
21670912,1120.00
21670912,1120.00
21670912,1120.00
21670912,1120.00
21670912,1120.00
21670912,1120.00
21670912,1120.00
21670912,1120.00
21670912,1120.00
21670912,1120.00
21670912,1120.00
21670912,1120.00
21670912,1120.00
21670912,1120.00
21670912,1120.00
21670912,1120.00
21670912,1120.00
21670912,1120.00
21670912,1120.00
21670912,1120.00
21670912,1120.00
21670912,1120.00
21670912,1120.00
21670912,1120.00
21670912,1120.00
21670912,1120.00
21670912,1120.00
21670912,1120.00
21670912,1120.00
21670912,1120.00
21670912,1120.00
21670912,1120.00
21670912,1120.00
21670912,1120.00
21670912,1120.00
21670912,1120.00
21670912,1120.00
21670912,1120.00
21670912,1120.00
21670912,1120.00
21670912,1120.00
21670912,1120.00
21670912,1120.00
21670912,1120.00
21670912,1120.00
21670912,1120.00
21670912,1120.00
21670912,1120.00
21670912,1120.00
21670912,1120.00
21670912,1120.00
21670912,1120.00
21670912,1120.00
21670912,1120.00
21670912,1120.00
21670912,1120.00
21670912,1120.00
21670912,1120.00
21670912,1120.00
21670912,1120.00
21670912,1120.00
21670912,1120.00
21670912,1120.00
21670912,1120.00
21670912,1120.00
21670912,1120.00
21670912,1120.00
21670912,1120.00
21670912,1120.00
21670912,1120.00
21670912,1120.00
21670912,1120.00
21670912,1120.00
21670912,1120.00
21670912,1120.00
21670912,1120.00
23277440,0.00
23277440,0.00
23277440,0.00
23277440,0.00
23277440,0.00
23277440,0.00
23277440,0.00
23277440,0.00
23277440,0.00
23277440,0.00
23277440,0.00
23277440,0.00
23277440,0.00
23277440,0.00
23277440,0.00
23277440,0.00
23277440,0.00
23277440,0.00
23277440,0.00
23277440,0.00
23277440,0.00
23277440,0.00
23277440,0.00
23277440,0.00
23277440,0.00
23277440,0.00
23277440,0.00
23277440,0.00
23277440,0.00
23277440,0.00
23277440,0.00
23277440,0.00
23277440,0.00
23277440,0.00
23277440,0.00
23277440,0.00
23277440,0.00
23277440,0.00
23277440,0.00
23277440,0.00
23277440,0.00
23277440,0.00
23277440,0.00
23277440,0.00
23277440,0.00
23277440,0.00
23277440,0.00
23277440,0.00
23277440,0.00
23277440,0.00
23277440,0.00
23277440,0.00
23277440,0.00
23277440,0.00
23277440,0.00
23277440,0.00
23277440,0.00
23277440,0.00
23277440,0.00
23277440,0.00
23277440,0.00
23277440,0.00
23277440,0.00
23277440,0.00
23277440,0.00
23277440,0.00
23277440,0.00
23277440,0.00
23277440,0.00
23277440,0.00
23277440,0.00
23277440,0.00
23277440,0.00
23277440,0.00
23277440,0.00
23277440,0.00
23277440,0.00
23277440,0.00
23277440,0.00
23277440,0.00
23277440,0.00
23277440,0.00
23277440,0.00
23277440,0.00
23277440,0.00
23277440,0.00
23277440,0.00
23277440,0.00
23277440,0.00
23277440,0.00
23277440,0.00
23277440,0.00
23277440,0.00
23277440,0.00
23277440,0.00
23277440,0.00
23277440,0.00
23277440,0.00
23277440,0.00
23277440,0.00
23277440,0.00
23277440,0.00
23277440,0.00
23277440,0.00
23277440,0.00
23277440,0.00
23277440,0.00
23277440,0.00
23277440,0.00
23277440,0.00
23277440,0.00
23277440,0.00
23277440,0.00
23277440,0.00
23277440,0.00
23277440,0.00
23277440,0.00
23277440,0.00
23277440,0.00
23277440,0.00
23277440,0.00
23277440,0.00
23277440,0.00
23277440,0.00
23277440,0.00
23277440,0.00
23277440,0.00
23277440,0.00
24482944,320.00
24482944,320.00
24482944,320.00
24482944,320.00
24482944,320.00
24482944,320.00
24482944,320.00
24482944,320.00
24482944,320.00
24482944,320.00
24482944,320.00
24482944,320.00
24482944,320.00
24482944,320.00
24482944,320.00
24482944,320.00
24482944,320.00
24482944,320.00
24482944,320.00
24482944,320.00
24482944,320.00
24482944,320.00
24482944,320.00
24482944,320.00
24482944,320.00
24482944,320.00
24482944,320.00
24482944,320.00
24482944,320.00
24482944,320.00
24482944,320.00
24482944,320.00
24482944,320.00
24482944,320.00
24482944,320.00
24482944,320.00
24482944,320.00
24482944,320.00
24482944,320.00
24482944,320.00
24482944,320.00
24482944,320.00
24482944,320.00
24482944,320.00
24482944,320.00
24482944,320.00
24482944,320.00
24482944,320.00
24482944,320.00
24482944,320.00
24482944,320.00
24482944,320.00
24482944,320.00
24482944,320.00
24482944,320.00
24482944,320.00
24482944,320.00
24482944,320.00
24482944,320.00
24482944,320.00
24482944,320.00
24482944,320.00
24482944,320.00
24482944,320.00
24482944,320.00
24482944,320.00
24482944,320.00
24482944,320.00
24482944,320.00
24482944,320.00
24482944,320.00
24482944,320.00
24482944,320.00
24482944,320.00
24482944,320.00
24482944,320.00
24482944,320.00
24482944,320.00
24482944,320.00
24482944,320.00
24482944,320.00
24482944,320.00
24482944,320.00
24482944,320.00
24482944,320.00
24482944,320.00
24482944,320.00
24482944,320.00
24482944,320.00
24482944,320.00
24482944,320.00
24482944,320.00
24482944,320.00
24482944,320.00
24482944,320.00
24482944,320.00
24482944,320.00
24482944,320.00
24482944,320.00
24482944,320.00
24482944,320.00
24482944,320.00
24482944,320.00
24482944,320.00
24482944,320.00
24482944,320.00
24482944,320.00
24482944,320.00
24482944,320.00
24482944,320.00
24482944,320.00
24482944,320.00
24482944,320.00
24482944,320.00
24482944,320.00
24482944,320.00
24482944,320.00
24482944,320.00
24482944,320.00
24482944,320.00
24482944,320.00
24482944,320.00
24482944,320.00
24482944,320.00
24482944,320.00
24482944,320.00
24482944,320.00
24482944,320.00
25292800,0.00
25292800,0.00
25292800,0.00
25292800,0.00
25292800,0.00
25292800,0.00
25292800,0.00
25292800,0.00
25292800,0.00
25292800,0.00
25292800,0.00
25292800,0.00
25292800,0.00
25292800,0.00
25292800,0.00
25292800,0.00
25292800,0.00
25292800,0.00
25292800,0.00
25292800,0.00
25292800,0.00
25292800,0.00
25292800,0.00
25292800,0.00
25292800,0.00
25292800,0.00
25292800,0.00
25292800,0.00
25292800,0.00
25292800,0.00
25292800,0.00
25292800,0.00
25292800,0.00
25292800,0.00
25292800,0.00
25292800,0.00
25292800,0.00
25292800,0.00
25292800,0.00
25292800,0.00
25292800,0.00
25292800,0.00
25292800,0.00
25292800,0.00
25292800,0.00
25292800,0.00
25292800,0.00
25292800,0.00
25292800,0.00
25292800,0.00
25292800,0.00
25292800,0.00
25292800,0.00
25292800,0.00
25292800,0.00
25292800,0.00
25292800,0.00
25292800,0.00
25292800,0.00
25292800,0.00
25292800,0.00
25292800,0.00
25292800,0.00
25292800,0.00
25292800,0.00
25292800,0.00
25292800,0.00
25292800,0.00
25292800,0.00
25292800,0.00
25292800,0.00
25292800,0.00
25292800,0.00
25292800,0.00
25292800,0.00
25292800,0.00
25292800,0.00
25292800,0.00
25292800,0.00
25292800,0.00
25292800,0.00
25292800,0.00
25292800,0.00
25292800,0.00
25292800,0.00
25292800,0.00
25292800,0.00
25292800,0.00
25292800,0.00
25292800,0.00
25292800,0.00
25292800,0.00
25292800,0.00
25292800,0.00
25292800,0.00
25292800,0.00
25292800,0.00
25292800,0.00
25292800,0.00
25292800,0.00
25292800,0.00
25292800,0.00
25292800,0.00
25292800,0.00
25292800,0.00
25292800,0.00
25292800,0.00
25292800,0.00
25292800,0.00
25292800,0.00
25292800,0.00
25292800,0.00
25292800,0.00
25292800,0.00
25292800,0.00
25292800,0.00
25292800,0.00
25292800,0.00
25292800,0.00
25292800,0.00
25292800,0.00
25292800,0.00
25292800,0.00
25292800,0.00
25292800,0.00
25292800,0.00
25292800,0.00
25292800,0.00
26628352,20.00
26628352,20.00
26628352,20.00
26628352,20.00
26628352,20.00
26628352,20.00
26628352,20.00
26628352,20.00
26628352,20.00
26628352,20.00
26628352,20.00
26628352,20.00
26628352,20.00
26628352,20.00
26628352,20.00
26628352,20.00
26628352,20.00
26628352,20.00
26628352,20.00
26628352,20.00
26628352,20.00
26628352,20.00
26628352,20.00
26628352,20.00
26628352,20.00
26628352,20.00
26628352,20.00
26628352,20.00
26628352,20.00
26628352,20.00
26628352,20.00
26628352,20.00
26628352,20.00
26628352,20.00
26628352,20.00
26628352,20.00
26628352,20.00
26628352,20.00
26628352,20.00
26628352,20.00
26628352,20.00
26628352,20.00
26628352,20.00
26628352,20.00
26628352,20.00
26628352,20.00
26628352,20.00
26628352,20.00
26628352,20.00
26628352,20.00
26628352,20.00
26628352,20.00
26628352,20.00
26628352,20.00
26628352,20.00
26628352,20.00
26628352,20.00
26628352,20.00
26628352,20.00
26628352,20.00
26628352,20.00
26628352,20.00
26628352,20.00
26628352,20.00
26628352,20.00
26628352,20.00
26628352,20.00
26628352,20.00
26628352,20.00
26628352,20.00
26628352,20.00
26628352,20.00
26628352,20.00
26628352,20.00
26628352,20.00
26628352,20.00
26628352,20.00
26628352,20.00
26628352,20.00
26628352,20.00
26628352,20.00
26628352,20.00
26628352,20.00
26628352,20.00
26628352,20.00
26628352,20.00
26628352,20.00
26628352,20.00
26628352,20.00
26628352,20.00
26628352,20.00
26628352,20.00
26628352,20.00
26628352,20.00
26628352,20.00
26628352,20.00
26628352,20.00
26628352,20.00
26628352,20.00
26628352,20.00
26628352,20.00
26628352,20.00
26628352,20.00
26628352,20.00
26628352,20.00
26628352,20.00
26628352,20.00
26628352,20.00
26628352,20.00
26628352,20.00
26628352,20.00
26628352,20.00
26628352,20.00
26628352,20.00
26628352,20.00
26628352,20.00
26628352,20.00
26628352,20.00
26628352,20.00
26628352,20.00
26628352,20.00
26628352,20.00
26628352,20.00
26628352,20.00
26628352,20.00
26628352,20.00
26628352,20.00
26628352,20.00
27477248,0.00
27477248,0.00
27477248,0.00
27477248,0.00
27477248,0.00
27477248,0.00
27477248,0.00
27477248,0.00
27477248,0.00
27477248,0.00
27477248,0.00
27477248,0.00
27477248,0.00
27477248,0.00
27477248,0.00
27477248,0.00
27477248,0.00
27477248,0.00
27477248,0.00
27477248,0.00
27477248,0.00
27477248,0.00
27477248,0.00
27477248,0.00
27477248,0.00
27477248,0.00
27477248,0.00
27477248,0.00
27477248,0.00
27477248,0.00
27477248,0.00
27477248,0.00
27477248,0.00
27477248,0.00
27477248,0.00
27477248,0.00
27477248,0.00
27477248,0.00
27477248,0.00
27477248,0.00
27477248,0.00
27477248,0.00
27477248,0.00
27477248,0.00
27477248,0.00
27477248,0.00
27477248,0.00
27477248,0.00
27477248,0.00
27477248,0.00
27477248,0.00
27477248,0.00
27477248,0.00
27477248,0.00
27477248,0.00
27477248,0.00
27477248,0.00
27477248,0.00
27477248,0.00
27477248,0.00
27477248,0.00
27477248,0.00
27477248,0.00
27477248,0.00
27477248,0.00
27477248,0.00
27477248,0.00
27477248,0.00
27477248,0.00
27477248,0.00
27477248,0.00
27477248,0.00
27477248,0.00
27477248,0.00
27477248,0.00
27477248,0.00
27477248,0.00
27477248,0.00
27477248,0.00
27477248,0.00
27477248,0.00
27477248,0.00
27477248,0.00
27477248,0.00
27477248,0.00
27477248,0.00
27477248,0.00
27477248,0.00
27477248,0.00
27477248,0.00
27477248,0.00
27477248,0.00
27477248,0.00
27477248,0.00
27477248,0.00
27477248,0.00
27477248,0.00
27477248,0.00
27477248,0.00
27477248,0.00
27477248,0.00
27477248,0.00
27477248,0.00
27477248,0.00
27477248,0.00
27477248,0.00
27477248,0.00
27477248,0.00
27477248,0.00
27477248,0.00
27477248,0.00
27477248,0.00
27477248,0.00
27477248,0.00
27477248,0.00
27477248,0.00
27477248,0.00
27477248,0.00
27477248,0.00
27477248,0.00
27477248,0.00
27477248,0.00
27477248,0.00
27477248,0.00
27477248,0.00
27477248,0.00
27477248,0.00
27477248,0.00
28305280,380.00
28305280,380.00
28305280,380.00
28305280,380.00
28305280,380.00
28305280,380.00
28305280,380.00
28305280,380.00
28305280,380.00
28305280,380.00
28305280,380.00
28305280,380.00
28305280,380.00
28305280,380.00
28305280,380.00
28305280,380.00
28305280,380.00
28305280,380.00
28305280,380.00
28305280,380.00
28305280,380.00
28305280,380.00
28305280,380.00
28305280,380.00
28305280,380.00
28305280,380.00
28305280,380.00
28305280,380.00
28305280,380.00
28305280,380.00
28305280,380.00
28305280,380.00
28305280,380.00
28305280,380.00
28305280,380.00
28305280,380.00
28305280,380.00
28305280,380.00
28305280,380.00
28305280,380.00
28305280,380.00
28305280,380.00
28305280,380.00
28305280,380.00
28305280,380.00
28305280,380.00
28305280,380.00
28305280,380.00
28305280,380.00
28305280,380.00
28305280,380.00
28305280,380.00
28305280,380.00
28305280,380.00
28305280,380.00
28305280,380.00
28305280,380.00
28305280,380.00
28305280,380.00
28305280,380.00
28305280,380.00
28305280,380.00
28305280,380.00
28305280,380.00
28305280,380.00
28305280,380.00
28305280,380.00
28305280,380.00
28305280,380.00
28305280,380.00
28305280,380.00
28305280,380.00
28305280,380.00
28305280,380.00
28305280,380.00
28305280,380.00
28305280,380.00
28305280,380.00
28305280,380.00
28305280,380.00
28305280,380.00
28305280,380.00
28305280,380.00
28305280,380.00
28305280,380.00
28305280,380.00
28305280,380.00
28305280,380.00
28305280,380.00
28305280,380.00
28305280,380.00
28305280,380.00
28305280,380.00
28305280,380.00
28305280,380.00
28305280,380.00
28305280,380.00
28305280,380.00
28305280,380.00
28305280,380.00
28305280,380.00
28305280,380.00
28305280,380.00
28305280,380.00
28305280,380.00
28305280,380.00
28305280,380.00
28305280,380.00
28305280,380.00
28305280,380.00
28305280,380.00
28305280,380.00
28305280,380.00
28305280,380.00
28305280,380.00
28305280,380.00
28305280,380.00
28305280,380.00
28305280,380.00
28305280,380.00
28305280,380.00
28305280,380.00
28305280,380.00
28305280,380.00
28305280,380.00
28305280,380.00
28305280,380.00
28305280,380.00
29312896,500.00
29312896,500.00
29312896,500.00
29312896,500.00
29312896,500.00
29312896,500.00
29312896,500.00
29312896,500.00
29312896,500.00
29312896,500.00
29312896,500.00
29312896,500.00
29312896,500.00
29312896,500.00
29312896,500.00
29312896,500.00
29312896,500.00
29312896,500.00
29312896,500.00
29312896,500.00
29312896,500.00
29312896,500.00
29312896,500.00
29312896,500.00
29312896,500.00
29312896,500.00
29312896,500.00
29312896,500.00
29312896,500.00
29312896,500.00
29312896,500.00
29312896,500.00
29312896,500.00
29312896,500.00
29312896,500.00
29312896,500.00
29312896,500.00
29312896,500.00
29312896,500.00
29312896,500.00
29312896,500.00
29312896,500.00
29312896,500.00
29312896,500.00
29312896,500.00
29312896,500.00
29312896,500.00
29312896,500.00
29312896,500.00
29312896,500.00
29312896,500.00
29312896,500.00
29312896,500.00
29312896,500.00
29312896,500.00
29312896,500.00
29312896,500.00
29312896,500.00
29312896,500.00
29312896,500.00
29312896,500.00
29312896,500.00
29312896,500.00
29312896,500.00
29312896,500.00
29312896,500.00
29312896,500.00
29312896,500.00
29312896,500.00
29312896,500.00
29312896,500.00
29312896,500.00
29312896,500.00
29312896,500.00
29312896,500.00
29312896,500.00
29312896,500.00
29312896,500.00
29312896,500.00
29312896,500.00
29312896,500.00
29312896,500.00
29312896,500.00
29312896,500.00
29312896,500.00
29312896,500.00
29312896,500.00
29312896,500.00
29312896,500.00
29312896,500.00
29312896,500.00
29312896,500.00
29312896,500.00
29312896,500.00
29312896,500.00
29312896,500.00
29312896,500.00
29312896,500.00
29312896,500.00
29312896,500.00
29312896,500.00
29312896,500.00
29312896,500.00
29312896,500.00
29312896,500.00
29312896,500.00
29312896,500.00
29312896,500.00
29312896,500.00
29312896,500.00
29312896,500.00
29312896,500.00
29312896,500.00
29312896,500.00
29312896,500.00
29312896,500.00
29312896,500.00
29312896,500.00
29312896,500.00
29312896,500.00
29312896,500.00
29312896,500.00
29312896,500.00
29312896,500.00
29312896,500.00
29312896,500.00
29312896,500.00
29312896,500.00
30317696,300.00
30317696,300.00
30317696,300.00
30317696,300.00
30317696,300.00
30317696,300.00
30317696,300.00
30317696,300.00
30317696,300.00
30317696,300.00
30317696,300.00
30317696,300.00
30317696,300.00
30317696,300.00
30317696,300.00
30317696,300.00
30317696,300.00
30317696,300.00
30317696,300.00
30317696,300.00
30317696,300.00
30317696,300.00
30317696,300.00
30317696,300.00
30317696,300.00
30317696,300.00
30317696,300.00
30317696,300.00
30317696,300.00
30317696,300.00
30317696,300.00
30317696,300.00
30317696,300.00
30317696,300.00
30317696,300.00
30317696,300.00
30317696,300.00
30317696,300.00
30317696,300.00
30317696,300.00
30317696,300.00
30317696,300.00
30317696,300.00
30317696,300.00
30317696,300.00
30317696,300.00
30317696,300.00
30317696,300.00
30317696,300.00
30317696,300.00
30317696,300.00
30317696,300.00
30317696,300.00
30317696,300.00
30317696,300.00
30317696,300.00
30317696,300.00
30317696,300.00
30317696,300.00
30317696,300.00
30317696,300.00
30317696,300.00
30317696,300.00
30317696,300.00
30317696,300.00
30317696,300.00
30317696,300.00
30317696,300.00
30317696,300.00
30317696,300.00
30317696,300.00
30317696,300.00
30317696,300.00
30317696,300.00
30317696,300.00
30317696,300.00
30317696,300.00
30317696,300.00
30317696,300.00
30317696,300.00
30317696,300.00
30317696,300.00
30317696,300.00
30317696,300.00
30317696,300.00
30317696,300.00
30317696,300.00
30317696,300.00
30317696,300.00
30317696,300.00
30317696,300.00
30317696,300.00
30317696,300.00
30317696,300.00
30317696,300.00
30317696,300.00
30317696,300.00
30317696,300.00
30317696,300.00
30317696,300.00
30317696,300.00
30317696,300.00
30317696,300.00
30317696,300.00
30317696,300.00
30317696,300.00
30317696,300.00
30317696,300.00
30317696,300.00
30317696,300.00
30317696,300.00
30317696,300.00
30317696,300.00
30317696,300.00
30317696,300.00
30317696,300.00
30317696,300.00
30317696,300.00
30317696,300.00
30317696,300.00
30317696,300.00
30317696,300.00
30317696,300.00
30317696,300.00
30317696,300.00
30317696,300.00
30317696,300.00
30317696,300.00
31359360,160.00
31359360,160.00
31359360,160.00
31359360,160.00
31359360,160.00
31359360,160.00
31359360,160.00
31359360,160.00
31359360,160.00
31359360,160.00
31359360,160.00
31359360,160.00
31359360,160.00
31359360,160.00
31359360,160.00
31359360,160.00
31359360,160.00
31359360,160.00
31359360,160.00
31359360,160.00
31359360,160.00
31359360,160.00
31359360,160.00
31359360,160.00
31359360,160.00
31359360,160.00
31359360,160.00
31359360,160.00
31359360,160.00
31359360,160.00
31359360,160.00
31359360,160.00
31359360,160.00
31359360,160.00
31359360,160.00
31359360,160.00
31359360,160.00
31359360,160.00
31359360,160.00
31359360,160.00
31359360,160.00
31359360,160.00
31359360,160.00
31359360,160.00
31359360,160.00
31359360,160.00
31359360,160.00
31359360,160.00
31359360,160.00
31359360,160.00
31359360,160.00
31359360,160.00
31359360,160.00
31359360,160.00
31359360,160.00
31359360,160.00
31359360,160.00
31359360,160.00
31359360,160.00
31359360,160.00
31359360,160.00
31359360,160.00
31359360,160.00
31359360,160.00
31359360,160.00
31359360,160.00
31359360,160.00
31359360,160.00
31359360,160.00
31359360,160.00
31359360,160.00
31359360,160.00
31359360,160.00
31359360,160.00
31359360,160.00
31359360,160.00
31359360,160.00
31359360,160.00
31359360,160.00
31359360,160.00
31359360,160.00
31359360,160.00
31359360,160.00
31359360,160.00
31359360,160.00
31359360,160.00
31359360,160.00
31359360,160.00
31359360,160.00
31359360,160.00
31359360,160.00
31359360,160.00
31359360,160.00
31359360,160.00
31359360,160.00
31359360,160.00
31359360,160.00
31359360,160.00
31359360,160.00
31359360,160.00
31359360,160.00
31359360,160.00
31359360,160.00
31359360,160.00
31359360,160.00
31359360,160.00
31359360,160.00
31359360,160.00
31359360,160.00
31359360,160.00
31359360,160.00
31359360,160.00
31359360,160.00
31359360,160.00
31359360,160.00
31359360,160.00
31359360,160.00
31359360,160.00
31359360,160.00
31359360,160.00
31359360,160.00
31359360,160.00
31359360,160.00
31359360,160.00
31359360,160.00
31359360,160.00
31359360,160.00
31359360,160.00
32156032,460.00
32156032,460.00
32156032,460.00
32156032,460.00
32156032,460.00
32156032,460.00
32156032,460.00
32156032,460.00
32156032,460.00
32156032,460.00
32156032,460.00
32156032,460.00
32156032,460.00
32156032,460.00
32156032,460.00
32156032,460.00
32156032,460.00
32156032,460.00
32156032,460.00
32156032,460.00
32156032,460.00
32156032,460.00
32156032,460.00
32156032,460.00
32156032,460.00
32156032,460.00
32156032,460.00
32156032,460.00
32156032,460.00
32156032,460.00
32156032,460.00
32156032,460.00
32156032,460.00
32156032,460.00
32156032,460.00
32156032,460.00
32156032,460.00
32156032,460.00
32156032,460.00
32156032,460.00
32156032,460.00
32156032,460.00
32156032,460.00
32156032,460.00
32156032,460.00
32156032,460.00
32156032,460.00
32156032,460.00
32156032,460.00
32156032,460.00
32156032,460.00
32156032,460.00
32156032,460.00
32156032,460.00
32156032,460.00
32156032,460.00
32156032,460.00
32156032,460.00
32156032,460.00
32156032,460.00
32156032,460.00
32156032,460.00
32156032,460.00
32156032,460.00
32156032,460.00
32156032,460.00
32156032,460.00
32156032,460.00
32156032,460.00
32156032,460.00
32156032,460.00
32156032,460.00
32156032,460.00
32156032,460.00
32156032,460.00
32156032,460.00
32156032,460.00
32156032,460.00
32156032,460.00
32156032,460.00
32156032,460.00
32156032,460.00
32156032,460.00
32156032,460.00
32156032,460.00
32156032,460.00
32156032,460.00
32156032,460.00
32156032,460.00
32156032,460.00
32156032,460.00
32156032,460.00
32156032,460.00
32156032,460.00
32156032,460.00
32156032,460.00
32156032,460.00
32156032,460.00
32156032,460.00
32156032,460.00
32156032,460.00
32156032,460.00
32156032,460.00
32156032,460.00
32156032,460.00
32156032,460.00
32156032,460.00
32156032,460.00
32156032,460.00
32156032,460.00
32156032,460.00
32156032,460.00
32156032,460.00
32156032,460.00
32156032,460.00
32156032,460.00
32156032,460.00
32156032,460.00
32156032,460.00
32156032,460.00
32156032,460.00
32156032,460.00
32156032,460.00
32156032,460.00
32156032,460.00
32156032,460.00
32156032,460.00
32156032,460.00
33836288,300.00
33836288,300.00
33836288,300.00
33836288,300.00
33836288,300.00
33836288,300.00
33836288,300.00
33836288,300.00
33836288,300.00
33836288,300.00
33836288,300.00
33836288,300.00
33836288,300.00
33836288,300.00
33836288,300.00
33836288,300.00
33836288,300.00
33836288,300.00
33836288,300.00
33836288,300.00
33836288,300.00
33836288,300.00
33836288,300.00
33836288,300.00
33836288,300.00
33836288,300.00
33836288,300.00
33836288,300.00
33836288,300.00
33836288,300.00
33836288,300.00
33836288,300.00
33836288,300.00
33836288,300.00
33836288,300.00
33836288,300.00
33836288,300.00
33836288,300.00
33836288,300.00
33836288,300.00
33836288,300.00
33836288,300.00
33836288,300.00
33836288,300.00
33836288,300.00
33836288,300.00
33836288,300.00
33836288,300.00
33836288,300.00
33836288,300.00
33836288,300.00
33836288,300.00
33836288,300.00
33836288,300.00
33836288,300.00
33836288,300.00
33836288,300.00
33836288,300.00
33836288,300.00
33836288,300.00
33836288,300.00
33836288,300.00
33836288,300.00
33836288,300.00
33836288,300.00
33836288,300.00
33836288,300.00
33836288,300.00
33836288,300.00
33836288,300.00
33836288,300.00
33836288,300.00
33836288,300.00
33836288,300.00
33836288,300.00
33836288,300.00
33836288,300.00
33836288,300.00
33836288,300.00
33836288,300.00
33836288,300.00
33836288,300.00
33836288,300.00
33836288,300.00
33836288,300.00
33836288,300.00
33836288,300.00
33836288,300.00
33836288,300.00
33836288,300.00
33836288,300.00
33836288,300.00
33836288,300.00
33836288,300.00
33836288,300.00
33836288,300.00
33836288,300.00
33836288,300.00
33836288,300.00
33836288,300.00
33836288,300.00
33836288,300.00
33836288,300.00
33836288,300.00
33836288,300.00
33836288,300.00
33836288,300.00
33836288,300.00
33836288,300.00
33836288,300.00
33836288,300.00
33836288,300.00
33836288,300.00
33836288,300.00
33836288,300.00
33836288,300.00
33836288,300.00
33836288,300.00
33836288,300.00
33836288,300.00
33836288,300.00
33836288,300.00
33836288,300.00
33836288,300.00
33836288,300.00
33836288,300.00
33836288,300.00
33836288,300.00
34668928,0.00
34668928,0.00
34668928,0.00
34668928,0.00
34668928,0.00
34668928,0.00
34668928,0.00
34668928,0.00
34668928,0.00
34668928,0.00
34668928,0.00
34668928,0.00
34668928,0.00
34668928,0.00
34668928,0.00
34668928,0.00
34668928,0.00
34668928,0.00
34668928,0.00
34668928,0.00
34668928,0.00
34668928,0.00
34668928,0.00
34668928,0.00
34668928,0.00
34668928,0.00
34668928,0.00
34668928,0.00
34668928,0.00
34668928,0.00
34668928,0.00
34668928,0.00
34668928,0.00
34668928,0.00
34668928,0.00
34668928,0.00
34668928,0.00
34668928,0.00
34668928,0.00
34668928,0.00
34668928,0.00
34668928,0.00
34668928,0.00
34668928,0.00
34668928,0.00
34668928,0.00
34668928,0.00
34668928,0.00
34668928,0.00
34668928,0.00
34668928,0.00
34668928,0.00
34668928,0.00
34668928,0.00
34668928,0.00
34668928,0.00
34668928,0.00
34668928,0.00
34668928,0.00
34668928,0.00
34668928,0.00
34668928,0.00
34668928,0.00
34668928,0.00
34668928,0.00
34668928,0.00
34668928,0.00
34668928,0.00
34668928,0.00
34668928,0.00
34668928,0.00
34668928,0.00
34668928,0.00
34668928,0.00
34668928,0.00
34668928,0.00
34668928,0.00
34668928,0.00
34668928,0.00
34668928,0.00
34668928,0.00
34668928,0.00
34668928,0.00
34668928,0.00
34668928,0.00
34668928,0.00
34668928,0.00
34668928,0.00
34668928,0.00
34668928,0.00
34668928,0.00
34668928,0.00
34668928,0.00
34668928,0.00
34668928,0.00
34668928,0.00
34668928,0.00
34668928,0.00
34668928,0.00
34668928,0.00
34668928,0.00
34668928,0.00
34668928,0.00
34668928,0.00
34668928,0.00
34668928,0.00
34668928,0.00
34668928,0.00
34668928,0.00
34668928,0.00
34668928,0.00
34668928,0.00
34668928,0.00
34668928,0.00
34668928,0.00
34668928,0.00
34668928,0.00
34668928,0.00
34668928,0.00
34668928,0.00
34668928,0.00
34668928,0.00
34668928,0.00
34668928,0.00
34668928,0.00
34668928,0.00
34668928,0.00
34668928,0.00
36170752,0.00
36170752,0.00
36170752,0.00
36170752,0.00
36170752,0.00
36170752,0.00
36170752,0.00
36170752,0.00
36170752,0.00
36170752,0.00
36170752,0.00
36170752,0.00
36170752,0.00
36170752,0.00
36170752,0.00
36170752,0.00
36170752,0.00
36170752,0.00
36170752,0.00
36170752,0.00
36170752,0.00
36170752,0.00
36170752,0.00
36170752,0.00
36170752,0.00
36170752,0.00
36170752,0.00
36170752,0.00
36170752,0.00
36170752,0.00
36170752,0.00
36170752,0.00
36170752,0.00
36170752,0.00
36170752,0.00
36170752,0.00
36170752,0.00
36170752,0.00
36170752,0.00
36170752,0.00
36170752,0.00
36170752,0.00
36170752,0.00
36170752,0.00
36170752,0.00
36170752,0.00
36170752,0.00
36170752,0.00
36170752,0.00
36170752,0.00
36170752,0.00
36170752,0.00
36170752,0.00
36170752,0.00
36170752,0.00
36170752,0.00
36170752,0.00
36170752,0.00
36170752,0.00
36170752,0.00
36170752,0.00
36170752,0.00
36170752,0.00
36170752,0.00
36170752,0.00
36170752,0.00
36170752,0.00
36170752,0.00
36170752,0.00
36170752,0.00
36170752,0.00
36170752,0.00
36170752,0.00
36170752,0.00
36170752,0.00
36170752,0.00
36170752,0.00
36170752,0.00
36170752,0.00
36170752,0.00
36170752,0.00
36170752,0.00
36170752,0.00
36170752,0.00
36170752,0.00
36170752,0.00
36170752,0.00
36170752,0.00
36170752,0.00
36170752,0.00
36170752,0.00
36170752,0.00
36170752,0.00
36170752,0.00
36170752,0.00
36170752,0.00
36170752,0.00
36170752,0.00
36170752,0.00
36170752,0.00
36170752,0.00
36170752,0.00
36170752,0.00
36170752,0.00
36170752,0.00
36170752,0.00
36170752,0.00
36170752,0.00
36170752,0.00
36170752,0.00
36170752,0.00
36170752,0.00
36170752,0.00
36170752,0.00
36170752,0.00
36170752,0.00
36170752,0.00
36170752,0.00
36170752,0.00
36170752,0.00
36170752,0.00
36170752,0.00
36170752,0.00
36170752,0.00
36170752,0.00
36170752,0.00
36170752,0.00
36170752,0.00
37152640,300.00
37152640,300.00
37152640,300.00
37152640,300.00
37152640,300.00
37152640,300.00
37152640,300.00
37152640,300.00
37152640,300.00
37152640,300.00
37152640,300.00
37152640,300.00
37152640,300.00
37152640,300.00
37152640,300.00
37152640,300.00
37152640,300.00
37152640,300.00
37152640,300.00
37152640,300.00
37152640,300.00
37152640,300.00
37152640,300.00
37152640,300.00
37152640,300.00
37152640,300.00
37152640,300.00
37152640,300.00
37152640,300.00
37152640,300.00
37152640,300.00
37152640,300.00
37152640,300.00
37152640,300.00
37152640,300.00
37152640,300.00
37152640,300.00
37152640,300.00
37152640,300.00
37152640,300.00
37152640,300.00
37152640,300.00
37152640,300.00
37152640,300.00
37152640,300.00
37152640,300.00
37152640,300.00
37152640,300.00
37152640,300.00
37152640,300.00
37152640,300.00
37152640,300.00
37152640,300.00
37152640,300.00
37152640,300.00
37152640,300.00
37152640,300.00
37152640,300.00
37152640,300.00
37152640,300.00
37152640,300.00
37152640,300.00
37152640,300.00
37152640,300.00
37152640,300.00
37152640,300.00
37152640,300.00
37152640,300.00
37152640,300.00
37152640,300.00
37152640,300.00
37152640,300.00
37152640,300.00
37152640,300.00
37152640,300.00
37152640,300.00
37152640,300.00
37152640,300.00
37152640,300.00
37152640,300.00
37152640,300.00
37152640,300.00
37152640,300.00
37152640,300.00
37152640,300.00
37152640,300.00
37152640,300.00
37152640,300.00
37152640,300.00
37152640,300.00
37152640,300.00
37152640,300.00
37152640,300.00
37152640,300.00
37152640,300.00
37152640,300.00
37152640,300.00
37152640,300.00
37152640,300.00
37152640,300.00
37152640,300.00
37152640,300.00
37152640,300.00
37152640,300.00
37152640,300.00
37152640,300.00
37152640,300.00
37152640,300.00
37152640,300.00
37152640,300.00
37152640,300.00
37152640,300.00
37152640,300.00
37152640,300.00
37152640,300.00
37152640,300.00
37152640,300.00
37152640,300.00
37152640,300.00
37152640,300.00
37152640,300.00
37152640,300.00
37152640,300.00
37152640,300.00
37152640,300.00
37152640,300.00
37152640,300.00
37152640,300.00
37642624,520.00
37642624,520.00
37642624,520.00
37642624,520.00
37642624,520.00
37642624,520.00
37642624,520.00
37642624,520.00
37642624,520.00
37642624,520.00
37642624,520.00
37642624,520.00
37642624,520.00
37642624,520.00
37642624,520.00
37642624,520.00
37642624,520.00
37642624,520.00
37642624,520.00
37642624,520.00
37642624,520.00
37642624,520.00
37642624,520.00
37642624,520.00
37642624,520.00
37642624,520.00
37642624,520.00
37642624,520.00
37642624,520.00
37642624,520.00
37642624,520.00
37642624,520.00
37642624,520.00
37642624,520.00
37642624,520.00
37642624,520.00
37642624,520.00
37642624,520.00
37642624,520.00
37642624,520.00
37642624,520.00
37642624,520.00
37642624,520.00
37642624,520.00
37642624,520.00
37642624,520.00
37642624,520.00
37642624,520.00
37642624,520.00
37642624,520.00
37642624,520.00
37642624,520.00
37642624,520.00
37642624,520.00
37642624,520.00
37642624,520.00
37642624,520.00
37642624,520.00
37642624,520.00
37642624,520.00
37642624,520.00
37642624,520.00
37642624,520.00
37642624,520.00
37642624,520.00
37642624,520.00
37642624,520.00
37642624,520.00
37642624,520.00
37642624,520.00
37642624,520.00
37642624,520.00
37642624,520.00
37642624,520.00
37642624,520.00
37642624,520.00
37642624,520.00
37642624,520.00
37642624,520.00
37642624,520.00
37642624,520.00
37642624,520.00
37642624,520.00
37642624,520.00
37642624,520.00
37642624,520.00
37642624,520.00
37642624,520.00
37642624,520.00
37642624,520.00
37642624,520.00
37642624,520.00
37642624,520.00
37642624,520.00
37642624,520.00
37642624,520.00
37642624,520.00
37642624,520.00
37642624,520.00
37642624,520.00
37642624,520.00
37642624,520.00
37642624,520.00
37642624,520.00
37642624,520.00
37642624,520.00
37642624,520.00
37642624,520.00
37642624,520.00
37642624,520.00
37642624,520.00
37642624,520.00
37642624,520.00
37642624,520.00
37642624,520.00
37642624,520.00
37642624,520.00
37642624,520.00
37642624,520.00
37642624,520.00
37642624,520.00
37642624,520.00
37642624,520.00
37642624,520.00
37642624,520.00
37642624,520.00
37642624,520.00
37642624,520.00
38564480,0.00
38564480,0.00
38564480,0.00
38564480,0.00
38564480,0.00
38564480,0.00
38564480,0.00
38564480,0.00
38564480,0.00
38564480,0.00
38564480,0.00
38564480,0.00
38564480,0.00
38564480,0.00
38564480,0.00
38564480,0.00
38564480,0.00
38564480,0.00
38564480,0.00
38564480,0.00
38564480,0.00
38564480,0.00
38564480,0.00
38564480,0.00
38564480,0.00
38564480,0.00
38564480,0.00
38564480,0.00
38564480,0.00
38564480,0.00
38564480,0.00
38564480,0.00
38564480,0.00
38564480,0.00
38564480,0.00
38564480,0.00
38564480,0.00
38564480,0.00
38564480,0.00
38564480,0.00
38564480,0.00
38564480,0.00
38564480,0.00
38564480,0.00
38564480,0.00
38564480,0.00
38564480,0.00
38564480,0.00
38564480,0.00
38564480,0.00
38564480,0.00
38564480,0.00
38564480,0.00
38564480,0.00
38564480,0.00
38564480,0.00
38564480,0.00
38564480,0.00
38564480,0.00
38564480,0.00
38564480,0.00
38564480,0.00
38564480,0.00
38564480,0.00
38564480,0.00
38564480,0.00
38564480,0.00
38564480,0.00
38564480,0.00
38564480,0.00
38564480,0.00
38564480,0.00
38564480,0.00
38564480,0.00
38564480,0.00
38564480,0.00
38564480,0.00
38564480,0.00
38564480,0.00
38564480,0.00
38564480,0.00
38564480,0.00
38564480,0.00
38564480,0.00
38564480,0.00
38564480,0.00
38564480,0.00
38564480,0.00
38564480,0.00
38564480,0.00
38564480,0.00
38564480,0.00
38564480,0.00
38564480,0.00
38564480,0.00
38564480,0.00
38564480,0.00
38564480,0.00
38564480,0.00
38564480,0.00
38564480,0.00
38564480,0.00
38564480,0.00
38564480,0.00
38564480,0.00
38564480,0.00
38564480,0.00
38564480,0.00
38564480,0.00
38564480,0.00
38564480,0.00
38564480,0.00
38564480,0.00
38564480,0.00
38564480,0.00
38564480,0.00
38564480,0.00
38564480,0.00
38564480,0.00
38564480,0.00
38564480,0.00
38564480,0.00
38564480,0.00
38564480,0.00
38564480,0.00
38564480,0.00
38564480,0.00
38564480,0.00
